ID,카테고리,아이템,원본 크기 XYZ(m),조정 크기 XYZ(m),축소 배율,비고,프리팹,원본 에셋,패키지
food_f8d5f1161c,음식·음료,아보카도 001,0.098 × 0.161 × 0.098,0.098 × 0.161 × 0.098,1.0,,Assets/_Game/Content/ItemCollection/Prefabs/food/food_f8d5f1161c.prefab,Assets/ItemSources/Food_FREE_Low_Poly_3D_Models_Pack/ithappy/Food_Free/Prefabs/Avocado_001.prefab,Food FREE - Low Poly 3D Models Pack
food_7360d9d90a,음식·음료,아보카도 003,0.097 × 0.071 × 0.140,0.097 × 0.071 × 0.140,1.0,,Assets/_Game/Content/ItemCollection/Prefabs/food/food_7360d9d90a.prefab,Assets/ItemSources/Food_FREE_Low_Poly_3D_Models_Pack/ithappy/Food_Free/Prefabs/Avocado_003.prefab,Food FREE - Low Poly 3D Models Pack
food_091dad0400,음식·음료,바 001,0.107 × 0.018 × 0.041,0.107 × 0.018 × 0.041,1.0,,Assets/_Game/Content/ItemCollection/Prefabs/food/food_091dad0400.prefab,Assets/ItemSources/Food_FREE_Low_Poly_3D_Models_Pack/ithappy/Food_Free/Prefabs/Bar_001.prefab,Food FREE - Low Poly 3D Models Pack
food_a6eff41fa4,음식·음료,햄버거 001,0.140 × 0.089 × 0.140,0.140 × 0.089 × 0.140,1.0,,Assets/_Game/Content/ItemCollection/Prefabs/food/food_a6eff41fa4.prefab,Assets/ItemSources/Food_FREE_Low_Poly_3D_Models_Pack/ithappy/Food_Free/Prefabs/Burger_001.prefab,Food FREE - Low Poly 3D Models Pack
food_69bdb8848c,음식·음료,캔 009,0.078 × 0.116 × 0.078,0.078 × 0.116 × 0.078,1.0,,Assets/_Game/Content/ItemCollection/Prefabs/food/food_69bdb8848c.prefab,Assets/ItemSources/Food_FREE_Low_Poly_3D_Models_Pack/ithappy/Food_Free/Prefabs/Can_009.prefab,Food FREE - Low Poly 3D Models Pack
food_6c682a09d8,음식·음료,치즈케이크 001,0.088 × 0.120 × 0.144,0.088 × 0.120 × 0.144,1.0,,Assets/_Game/Content/ItemCollection/Prefabs/food/food_6c682a09d8.prefab,Assets/ItemSources/Food_FREE_Low_Poly_3D_Models_Pack/ithappy/Food_Free/Prefabs/Cheesecake_001.prefab,Food FREE - Low Poly 3D Models Pack
food_06e2653feb,음식·음료,고추 002,0.079 × 0.034 × 0.222,0.079 × 0.034 × 0.222,1.0,,Assets/_Game/Content/ItemCollection/Prefabs/food/food_06e2653feb.prefab,Assets/ItemSources/Food_FREE_Low_Poly_3D_Models_Pack/ithappy/Food_Free/Prefabs/Chili_002.prefab,Food FREE - Low Poly 3D Models Pack
food_aa2088074d,음식·음료,감자칩 008,0.159 × 0.232 × 0.086,0.159 × 0.232 × 0.086,1.0,,Assets/_Game/Content/ItemCollection/Prefabs/food/food_aa2088074d.prefab,Assets/ItemSources/Food_FREE_Low_Poly_3D_Models_Pack/ithappy/Food_Free/Prefabs/Chips_008.prefab,Food FREE - Low Poly 3D Models Pack
food_cffabbf975,음식·음료,커피 005,0.116 × 0.150 × 0.116,0.116 × 0.150 × 0.116,1.0,,Assets/_Game/Content/ItemCollection/Prefabs/food/food_cffabbf975.prefab,Assets/ItemSources/Food_FREE_Low_Poly_3D_Models_Pack/ithappy/Food_Free/Prefabs/Coffee_005.prefab,Food FREE - Low Poly 3D Models Pack
food_1764cfbfc0,음식·음료,쿠키 006,0.054 × 0.030 × 0.054,0.054 × 0.030 × 0.054,1.0,,Assets/_Game/Content/ItemCollection/Prefabs/food/food_1764cfbfc0.prefab,Assets/ItemSources/Food_FREE_Low_Poly_3D_Models_Pack/ithappy/Food_Free/Prefabs/Cookie_006.prefab,Food FREE - Low Poly 3D Models Pack
food_a21251f4bf,음식·음료,쿠키 011,0.054 × 0.030 × 0.054,0.054 × 0.030 × 0.054,1.0,,Assets/_Game/Content/ItemCollection/Prefabs/food/food_a21251f4bf.prefab,Assets/ItemSources/Food_FREE_Low_Poly_3D_Models_Pack/ithappy/Food_Free/Prefabs/Cookie_011.prefab,Food FREE - Low Poly 3D Models Pack
food_e9b420218e,음식·음료,쿠키 012,0.054 × 0.030 × 0.054,0.054 × 0.030 × 0.054,1.0,,Assets/_Game/Content/ItemCollection/Prefabs/food/food_e9b420218e.prefab,Assets/ItemSources/Food_FREE_Low_Poly_3D_Models_Pack/ithappy/Food_Free/Prefabs/Cookie_012.prefab,Food FREE - Low Poly 3D Models Pack
food_88152c02d7,음식·음료,크루아상 001,0.149 × 0.051 × 0.078,0.149 × 0.051 × 0.078,1.0,,Assets/_Game/Content/ItemCollection/Prefabs/food/food_88152c02d7.prefab,Assets/ItemSources/Food_FREE_Low_Poly_3D_Models_Pack/ithappy/Food_Free/Prefabs/Croissant_001.prefab,Food FREE - Low Poly 3D Models Pack
food_e5c32f8a16,음식·음료,도넛 002,0.107 × 0.036 × 0.106,0.107 × 0.036 × 0.106,1.0,,Assets/_Game/Content/ItemCollection/Prefabs/food/food_e5c32f8a16.prefab,Assets/ItemSources/Food_FREE_Low_Poly_3D_Models_Pack/ithappy/Food_Free/Prefabs/Donut_002.prefab,Food FREE - Low Poly 3D Models Pack
food_0be715e6ec,음식·음료,달걀 001,0.063 × 0.046 × 0.063,0.063 × 0.046 × 0.063,1.0,,Assets/_Game/Content/ItemCollection/Prefabs/food/food_0be715e6ec.prefab,Assets/ItemSources/Food_FREE_Low_Poly_3D_Models_Pack/ithappy/Food_Free/Prefabs/Egg_001.prefab,Food FREE - Low Poly 3D Models Pack
food_b58977b3bd,음식·음료,달걀 002,0.063 × 0.084 × 0.063,0.063 × 0.084 × 0.063,1.0,,Assets/_Game/Content/ItemCollection/Prefabs/food/food_b58977b3bd.prefab,Assets/ItemSources/Food_FREE_Low_Poly_3D_Models_Pack/ithappy/Food_Free/Prefabs/Egg_002.prefab,Food FREE - Low Poly 3D Models Pack
food_b177fe8716,음식·음료,달걀 003,0.063 × 0.044 × 0.085,0.063 × 0.044 × 0.085,1.0,,Assets/_Game/Content/ItemCollection/Prefabs/food/food_b177fe8716.prefab,Assets/ItemSources/Food_FREE_Low_Poly_3D_Models_Pack/ithappy/Food_Free/Prefabs/Egg_003.prefab,Food FREE - Low Poly 3D Models Pack
food_f996699c96,음식·음료,달걀 004,0.161 × 0.021 × 0.154,0.161 × 0.021 × 0.154,1.0,,Assets/_Game/Content/ItemCollection/Prefabs/food/food_f996699c96.prefab,Assets/ItemSources/Food_FREE_Low_Poly_3D_Models_Pack/ithappy/Food_Free/Prefabs/Egg_004.prefab,Food FREE - Low Poly 3D Models Pack
food_fe2c19f290,음식·음료,생선 004,0.075 × 0.038 × 0.145,0.075 × 0.038 × 0.145,1.0,,Assets/_Game/Content/ItemCollection/Prefabs/food/food_fe2c19f290.prefab,Assets/ItemSources/Food_FREE_Low_Poly_3D_Models_Pack/ithappy/Food_Free/Prefabs/Fish_004.prefab,Food FREE - Low Poly 3D Models Pack
food_eca88b863f,음식·음료,아이스크림 001,0.072 × 0.162 × 0.072,0.072 × 0.162 × 0.072,1.0,,Assets/_Game/Content/ItemCollection/Prefabs/food/food_eca88b863f.prefab,Assets/ItemSources/Food_FREE_Low_Poly_3D_Models_Pack/ithappy/Food_Free/Prefabs/Ice_cream_001.prefab,Food FREE - Low Poly 3D Models Pack
food_28dff52790,음식·음료,아이스크림 003,0.066 × 0.184 × 0.025,0.066 × 0.184 × 0.025,1.0,,Assets/_Game/Content/ItemCollection/Prefabs/food/food_28dff52790.prefab,Assets/ItemSources/Food_FREE_Low_Poly_3D_Models_Pack/ithappy/Food_Free/Prefabs/Ice_cream_003.prefab,Food FREE - Low Poly 3D Models Pack
food_7e531ac46a,음식·음료,버섯 002,0.063 × 0.068 × 0.063,0.063 × 0.068 × 0.063,1.0,,Assets/_Game/Content/ItemCollection/Prefabs/food/food_7e531ac46a.prefab,Assets/ItemSources/Food_FREE_Low_Poly_3D_Models_Pack/ithappy/Food_Free/Prefabs/Mushroom_002.prefab,Food FREE - Low Poly 3D Models Pack
food_40e5f17ca9,음식·음료,버섯 004,0.063 × 0.068 × 0.032,0.063 × 0.068 × 0.032,1.0,,Assets/_Game/Content/ItemCollection/Prefabs/food/food_40e5f17ca9.prefab,Assets/ItemSources/Food_FREE_Low_Poly_3D_Models_Pack/ithappy/Food_Free/Prefabs/Mushroom_004.prefab,Food FREE - Low Poly 3D Models Pack
food_f5e9d54d57,음식·음료,버섯 006,0.064 × 0.007 × 0.071,0.064 × 0.007 × 0.071,1.0,,Assets/_Game/Content/ItemCollection/Prefabs/food/food_f5e9d54d57.prefab,Assets/ItemSources/Food_FREE_Low_Poly_3D_Models_Pack/ithappy/Food_Free/Prefabs/Mushroom_006.prefab,Food FREE - Low Poly 3D Models Pack
food_908c0c140e,음식·음료,양파 001,0.078 × 0.151 × 0.078,0.078 × 0.151 × 0.078,1.0,,Assets/_Game/Content/ItemCollection/Prefabs/food/food_908c0c140e.prefab,Assets/ItemSources/Food_FREE_Low_Poly_3D_Models_Pack/ithappy/Food_Free/Prefabs/Onion_001.prefab,Food FREE - Low Poly 3D Models Pack
food_a1eb11120b,음식·음료,양파 003,0.078 × 0.046 × 0.149,0.078 × 0.046 × 0.149,1.0,,Assets/_Game/Content/ItemCollection/Prefabs/food/food_a1eb11120b.prefab,Assets/ItemSources/Food_FREE_Low_Poly_3D_Models_Pack/ithappy/Food_Free/Prefabs/Onion_003.prefab,Food FREE - Low Poly 3D Models Pack
food_a59581ae84,음식·음료,페이스트리 002,0.042 × 0.069 × 0.094,0.042 × 0.069 × 0.094,1.0,,Assets/_Game/Content/ItemCollection/Prefabs/food/food_a59581ae84.prefab,Assets/ItemSources/Food_FREE_Low_Poly_3D_Models_Pack/ithappy/Food_Free/Prefabs/Pastry_002.prefab,Food FREE - Low Poly 3D Models Pack
food_bd94dbf084,음식·음료,피망 003,0.091 × 0.122 × 0.091,0.091 × 0.122 × 0.091,1.0,,Assets/_Game/Content/ItemCollection/Prefabs/food/food_bd94dbf084.prefab,Assets/ItemSources/Food_FREE_Low_Poly_3D_Models_Pack/ithappy/Food_Free/Prefabs/Pepper_003.prefab,Food FREE - Low Poly 3D Models Pack
food_05ebee7280,음식·음료,샌드위치 001,0.129 × 0.046 × 0.142,0.129 × 0.046 × 0.142,1.0,,Assets/_Game/Content/ItemCollection/Prefabs/food/food_05ebee7280.prefab,Assets/ItemSources/Food_FREE_Low_Poly_3D_Models_Pack/ithappy/Food_Free/Prefabs/Sandwich_001.prefab,Food FREE - Low Poly 3D Models Pack
food_409425a164,음식·음료,샌드위치 002,0.142 × 0.023 × 0.148,0.142 × 0.023 × 0.148,1.0,,Assets/_Game/Content/ItemCollection/Prefabs/food/food_409425a164.prefab,Assets/ItemSources/Food_FREE_Low_Poly_3D_Models_Pack/ithappy/Food_Free/Prefabs/Sandwich_002.prefab,Food FREE - Low Poly 3D Models Pack
food_499bee0cf2,음식·음료,샌드위치 003,0.130 × 0.017 × 0.142,0.130 × 0.017 × 0.142,1.0,,Assets/_Game/Content/ItemCollection/Prefabs/food/food_499bee0cf2.prefab,Assets/ItemSources/Food_FREE_Low_Poly_3D_Models_Pack/ithappy/Food_Free/Prefabs/Sandwich_003.prefab,Food FREE - Low Poly 3D Models Pack
food_688aee9b0f,음식·음료,소시지 003,0.062 × 0.065 × 0.190,0.062 × 0.065 × 0.190,1.0,,Assets/_Game/Content/ItemCollection/Prefabs/food/food_688aee9b0f.prefab,Assets/ItemSources/Food_FREE_Low_Poly_3D_Models_Pack/ithappy/Food_Free/Prefabs/Sasuage_003.prefab,Food FREE - Low Poly 3D Models Pack
food_ab88e3ce1e,음식·음료,새우 001,0.031 × 0.069 × 0.134,0.031 × 0.069 × 0.134,1.0,,Assets/_Game/Content/ItemCollection/Prefabs/food/food_ab88e3ce1e.prefab,Assets/ItemSources/Food_FREE_Low_Poly_3D_Models_Pack/ithappy/Food_Free/Prefabs/Shrimp_001.prefab,Food FREE - Low Poly 3D Models Pack
food_9f63405507,음식·음료,새우 002,0.069 × 0.027 × 0.047,0.069 × 0.027 × 0.047,1.0,,Assets/_Game/Content/ItemCollection/Prefabs/food/food_9f63405507.prefab,Assets/ItemSources/Food_FREE_Low_Poly_3D_Models_Pack/ithappy/Food_Free/Prefabs/Shrimp_002.prefab,Food FREE - Low Poly 3D Models Pack
food_eeabcc33af,음식·음료,탄산음료 002,0.130 × 0.268 × 0.106,0.130 × 0.268 × 0.106,1.0,,Assets/_Game/Content/ItemCollection/Prefabs/food/food_eeabcc33af.prefab,Assets/ItemSources/Food_FREE_Low_Poly_3D_Models_Pack/ithappy/Food_Free/Prefabs/Soda_002.prefab,Food FREE - Low Poly 3D Models Pack
food_7f9c9194b9,음식·음료,차 003,0.128 × 0.077 × 0.127,0.128 × 0.077 × 0.127,1.0,,Assets/_Game/Content/ItemCollection/Prefabs/food/food_7f9c9194b9.prefab,Assets/ItemSources/Food_FREE_Low_Poly_3D_Models_Pack/ithappy/Food_Free/Prefabs/Tea_003.prefab,Food FREE - Low Poly 3D Models Pack
food_481007ae58,음식·음료,수박 001,0.200 × 0.207 × 0.200,0.200 × 0.207 × 0.200,1.0,,Assets/_Game/Content/ItemCollection/Prefabs/food/food_481007ae58.prefab,Assets/ItemSources/Food_FREE_Low_Poly_3D_Models_Pack/ithappy/Food_Free/Prefabs/Watermelon_001.prefab,Food FREE - Low Poly 3D Models Pack
food_8487078170,음식·음료,수박 002,0.200 × 0.107 × 0.200,0.200 × 0.107 × 0.200,1.0,,Assets/_Game/Content/ItemCollection/Prefabs/food/food_8487078170.prefab,Assets/ItemSources/Food_FREE_Low_Poly_3D_Models_Pack/ithappy/Food_Free/Prefabs/Watermelon_002.prefab,Food FREE - Low Poly 3D Models Pack
food_b0167f30d5,음식·음료,수박 003,0.110 × 0.098 × 0.030,0.110 × 0.098 × 0.030,1.0,,Assets/_Game/Content/ItemCollection/Prefabs/food/food_b0167f30d5.prefab,Assets/ItemSources/Food_FREE_Low_Poly_3D_Models_Pack/ithappy/Food_Free/Prefabs/Watermelon_003.prefab,Food FREE - Low Poly 3D Models Pack
food_5f84b16f75,음식·음료,요구르트 002,0.054 × 0.150 × 0.054,0.054 × 0.150 × 0.054,1.0,,Assets/_Game/Content/ItemCollection/Prefabs/food/food_5f84b16f75.prefab,Assets/ItemSources/Food_FREE_Low_Poly_3D_Models_Pack/ithappy/Food_Free/Prefabs/Yogurt_002.prefab,Food FREE - Low Poly 3D Models Pack
food_0e80086e06,음식·음료,커피컵 Green,0.117 × 0.187 × 0.117,0.117 × 0.187 × 0.117,1.0,색상 변형 (종류 수 중복 제외),Assets/_Game/Content/ItemCollection/Prefabs/food/food_0e80086e06.prefab,Assets/ItemSources/Low_Poly_Basic_Items_Pack_Household_Items/Kabungus/HouseholdItems/Prefabs/FastCoffeeCupGreen.prefab,Low Poly Basic Items Pack - Household Items
food_514b427742,음식·음료,커피컵 Red,0.155 × 0.247 × 0.155,0.155 × 0.247 × 0.155,1.0,색상 변형 (종류 수 중복 제외),Assets/_Game/Content/ItemCollection/Prefabs/food/food_514b427742.prefab,Assets/ItemSources/Low_Poly_Basic_Items_Pack_Household_Items/Kabungus/HouseholdItems/Prefabs/FastCoffeeCupRed.prefab,Low Poly Basic Items Pack - Household Items
food_0c624feec8,음식·음료,음료컵 Blue,0.155 × 0.334 × 0.155,0.155 × 0.334 × 0.155,1.0,색상 변형 (종류 수 중복 제외),Assets/_Game/Content/ItemCollection/Prefabs/food/food_0c624feec8.prefab,Assets/ItemSources/Low_Poly_Basic_Items_Pack_Household_Items/Kabungus/HouseholdItems/Prefabs/FastFoodCupBlue.prefab,Low Poly Basic Items Pack - Household Items
food_453920dd49,음식·음료,음료컵 Green,0.155 × 0.334 × 0.155,0.155 × 0.334 × 0.155,1.0,색상 변형 (종류 수 중복 제외),Assets/_Game/Content/ItemCollection/Prefabs/food/food_453920dd49.prefab,Assets/ItemSources/Low_Poly_Basic_Items_Pack_Household_Items/Kabungus/HouseholdItems/Prefabs/FastFoodCupGreen.prefab,Low Poly Basic Items Pack - Household Items
food_c1e6cecdf0,음식·음료,음료컵 Red,0.155 × 0.334 × 0.155,0.155 × 0.334 × 0.155,1.0,색상 변형 (종류 수 중복 제외),Assets/_Game/Content/ItemCollection/Prefabs/food/food_c1e6cecdf0.prefab,Assets/ItemSources/Low_Poly_Basic_Items_Pack_Household_Items/Kabungus/HouseholdItems/Prefabs/FastFoodCupRed.prefab,Low Poly Basic Items Pack - Household Items
food_3bf3ed0822,음식·음료,우유팩 Blue,0.167 × 0.351 × 0.167,0.167 × 0.351 × 0.167,1.0,색상 변형 (종류 수 중복 제외),Assets/_Game/Content/ItemCollection/Prefabs/food/food_3bf3ed0822.prefab,Assets/ItemSources/Low_Poly_Basic_Items_Pack_Household_Items/Kabungus/HouseholdItems/Prefabs/MilkCartonBlue.prefab,Low Poly Basic Items Pack - Household Items
food_01763ee0e9,음식·음료,우유팩 Red,0.167 × 0.351 × 0.167,0.167 × 0.351 × 0.167,1.0,색상 변형 (종류 수 중복 제외),Assets/_Game/Content/ItemCollection/Prefabs/food/food_01763ee0e9.prefab,Assets/ItemSources/Low_Poly_Basic_Items_Pack_Household_Items/Kabungus/HouseholdItems/Prefabs/MilkCartonRed.prefab,Low Poly Basic Items Pack - Household Items
food_7e47bba623,음식·음료,사과,0.183 × 0.153 × 0.183,0.183 × 0.153 × 0.183,1.0,,Assets/_Game/Content/ItemCollection/Prefabs/food/food_7e47bba623.prefab,Assets/ItemSources/RPG_Food_Props_DEMO/RPG FOOD PROPS/UNIVERSAL RENDER PIPELINE/Prefabs/Apple.prefab,RPG Food Props DEMO
food_baa14fab02,음식·음료,빵 1,0.240 × 0.114 × 0.240,0.240 × 0.114 × 0.240,1.0,,Assets/_Game/Content/ItemCollection/Prefabs/food/food_baa14fab02.prefab,Assets/ItemSources/RPG_Food_Props_DEMO/RPG FOOD PROPS/UNIVERSAL RENDER PIPELINE/Prefabs/Bread1.prefab,RPG Food Props DEMO
food_78e2cb2499,음식·음료,빵 2,0.238 × 0.112 × 0.135,0.238 × 0.112 × 0.135,1.0,,Assets/_Game/Content/ItemCollection/Prefabs/food/food_78e2cb2499.prefab,Assets/ItemSources/RPG_Food_Props_DEMO/RPG FOOD PROPS/UNIVERSAL RENDER PIPELINE/Prefabs/Bread2.prefab,RPG Food Props DEMO
food_67c3d4ce57,음식·음료,치즈 1,0.249 × 0.076 × 0.252,0.249 × 0.076 × 0.252,1.0,,Assets/_Game/Content/ItemCollection/Prefabs/food/food_67c3d4ce57.prefab,Assets/ItemSources/RPG_Food_Props_DEMO/RPG FOOD PROPS/UNIVERSAL RENDER PIPELINE/Prefabs/Cheese1.prefab,RPG Food Props DEMO
food_922cc9bd4f,음식·음료,치즈 2,0.101 × 0.076 × 0.119,0.101 × 0.076 × 0.119,1.0,,Assets/_Game/Content/ItemCollection/Prefabs/food/food_922cc9bd4f.prefab,Assets/ItemSources/RPG_Food_Props_DEMO/RPG FOOD PROPS/UNIVERSAL RENDER PIPELINE/Prefabs/Cheese2.prefab,RPG Food Props DEMO
food_d454c4074d,음식·음료,고기 1,0.277 × 0.052 × 0.286,0.277 × 0.052 × 0.286,1.0,,Assets/_Game/Content/ItemCollection/Prefabs/food/food_d454c4074d.prefab,Assets/ItemSources/RPG_Food_Props_DEMO/RPG FOOD PROPS/UNIVERSAL RENDER PIPELINE/Prefabs/Meat1.prefab,RPG Food Props DEMO
food_0b91215d01,음식·음료,고기 2,0.194 × 0.058 × 0.243,0.194 × 0.058 × 0.243,1.0,,Assets/_Game/Content/ItemCollection/Prefabs/food/food_0b91215d01.prefab,Assets/ItemSources/RPG_Food_Props_DEMO/RPG FOOD PROPS/UNIVERSAL RENDER PIPELINE/Prefabs/Meat2.prefab,RPG Food Props DEMO
food_1a90baab83,음식·음료,오렌지,0.155 × 0.140 × 0.155,0.155 × 0.140 × 0.155,1.0,,Assets/_Game/Content/ItemCollection/Prefabs/food/food_1a90baab83.prefab,Assets/ItemSources/RPG_Food_Props_DEMO/RPG FOOD PROPS/UNIVERSAL RENDER PIPELINE/Prefabs/Orange.prefab,RPG Food Props DEMO
food_022d2be201,음식·음료,호박,0.415 × 0.323 × 0.411,0.397 × 0.309 × 0.393,0.9564172029495239,,Assets/_Game/Content/ItemCollection/Prefabs/food/food_022d2be201.prefab,Assets/ItemSources/RPG_Food_Props_DEMO/RPG FOOD PROPS/UNIVERSAL RENDER PIPELINE/Prefabs/Pumpkin.prefab,RPG Food Props DEMO
food_6d4a0403c6,음식·음료,소시지,0.106 × 0.104 × 0.245,0.106 × 0.104 × 0.245,1.0,,Assets/_Game/Content/ItemCollection/Prefabs/food/food_6d4a0403c6.prefab,Assets/ItemSources/RPG_Food_Props_DEMO/RPG FOOD PROPS/UNIVERSAL RENDER PIPELINE/Prefabs/Sausage.prefab,RPG Food Props DEMO
food_090200a55f,음식·음료,토마토,0.178 × 0.138 × 0.178,0.178 × 0.138 × 0.178,1.0,,Assets/_Game/Content/ItemCollection/Prefabs/food/food_090200a55f.prefab,Assets/ItemSources/RPG_Food_Props_DEMO/RPG FOOD PROPS/UNIVERSAL RENDER PIPELINE/Prefabs/Tomato.prefab,RPG Food Props DEMO
food_e55c3ad320,음식·음료,수박,0.262 × 0.240 × 0.265,0.262 × 0.240 × 0.265,1.0,,Assets/_Game/Content/ItemCollection/Prefabs/food/food_e55c3ad320.prefab,Assets/ItemSources/RPG_Food_Props_DEMO/RPG FOOD PROPS/UNIVERSAL RENDER PIPELINE/Prefabs/Watermelon.prefab,RPG Food Props DEMO
household_3c5307b87f,생활용품,병 002,0.061 × 0.199 × 0.061,0.061 × 0.199 × 0.061,1.0,,Assets/_Game/Content/ItemCollection/Prefabs/household/household_3c5307b87f.prefab,Assets/ItemSources/Food_FREE_Low_Poly_3D_Models_Pack/ithappy/Food_Free/Prefabs/Bottle_002.prefab,Food FREE - Low Poly 3D Models Pack
household_847b89a7cc,생활용품,그릇 001,0.196 × 0.087 × 0.196,0.196 × 0.087 × 0.196,1.0,,Assets/_Game/Content/ItemCollection/Prefabs/household/household_847b89a7cc.prefab,Assets/ItemSources/Food_FREE_Low_Poly_3D_Models_Pack/ithappy/Food_Free/Prefabs/Bowl_001.prefab,Food FREE - Low Poly 3D Models Pack
household_1e8d2ddfc9,생활용품,컵 003,0.127 × 0.050 × 0.127,0.127 × 0.050 × 0.127,1.0,,Assets/_Game/Content/ItemCollection/Prefabs/household/household_1e8d2ddfc9.prefab,Assets/ItemSources/Food_FREE_Low_Poly_3D_Models_Pack/ithappy/Food_Free/Prefabs/Cup_003.prefab,Food FREE - Low Poly 3D Models Pack
household_9b2782290f,생활용품,포크 001,0.040 × 0.024 × 0.197,0.040 × 0.024 × 0.197,1.0,,Assets/_Game/Content/ItemCollection/Prefabs/household/household_9b2782290f.prefab,Assets/ItemSources/Food_FREE_Low_Poly_3D_Models_Pack/ithappy/Food_Free/Prefabs/Fork_001.prefab,Food FREE - Low Poly 3D Models Pack
household_035ca8b444,생활용품,유리잔 001,0.114 × 0.212 × 0.114,0.114 × 0.212 × 0.114,1.0,,Assets/_Game/Content/ItemCollection/Prefabs/household/household_035ca8b444.prefab,Assets/ItemSources/Food_FREE_Low_Poly_3D_Models_Pack/ithappy/Food_Free/Prefabs/Glass_001.prefab,Food FREE - Low Poly 3D Models Pack
household_539c2c6c84,생활용품,유리잔 004,0.093 × 0.091 × 0.093,0.093 × 0.091 × 0.093,1.0,,Assets/_Game/Content/ItemCollection/Prefabs/household/household_539c2c6c84.prefab,Assets/ItemSources/Food_FREE_Low_Poly_3D_Models_Pack/ithappy/Food_Free/Prefabs/Glass_004.prefab,Food FREE - Low Poly 3D Models Pack
household_314e1b48cd,생활용품,유리잔 005,0.101 × 0.118 × 0.101,0.101 × 0.118 × 0.101,1.0,,Assets/_Game/Content/ItemCollection/Prefabs/household/household_314e1b48cd.prefab,Assets/ItemSources/Food_FREE_Low_Poly_3D_Models_Pack/ithappy/Food_Free/Prefabs/Glass_005.prefab,Food FREE - Low Poly 3D Models Pack
household_6c5a722540,생활용품,유리잔 008,0.077 × 0.223 × 0.077,0.077 × 0.223 × 0.077,1.0,,Assets/_Game/Content/ItemCollection/Prefabs/household/household_6c5a722540.prefab,Assets/ItemSources/Food_FREE_Low_Poly_3D_Models_Pack/ithappy/Food_Free/Prefabs/Glass_008.prefab,Food FREE - Low Poly 3D Models Pack
household_f9208d672e,생활용품,접시 001,0.239 × 0.022 × 0.242,0.239 × 0.022 × 0.242,1.0,,Assets/_Game/Content/ItemCollection/Prefabs/household/household_f9208d672e.prefab,Assets/ItemSources/Food_FREE_Low_Poly_3D_Models_Pack/ithappy/Food_Free/Prefabs/Plate_001.prefab,Food FREE - Low Poly 3D Models Pack
household_5b2e64b2f3,생활용품,접시 007,0.232 × 0.030 × 0.232,0.232 × 0.030 × 0.232,1.0,,Assets/_Game/Content/ItemCollection/Prefabs/household/household_5b2e64b2f3.prefab,Assets/ItemSources/Food_FREE_Low_Poly_3D_Models_Pack/ithappy/Food_Free/Prefabs/Plate_007.prefab,Food FREE - Low Poly 3D Models Pack
household_d421a867f5,생활용품,화분 01 / 성장 1,0.609 × 0.611 × 0.609,0.393 × 0.395 × 0.393,0.6456558704376221,화분 조합/성장 단계: 서로 다른 식물 종류로 중복 계산하지 않음,Assets/_Game/Content/ItemCollection/Prefabs/household/household_d421a867f5.prefab,Assets/ItemSources/FREE_Low_Poly_Plants_Pots_Demo_with_Growth_System_Cosmic_Retro/CosmicRetro_Plants&PotsPack_Demo/Prefabs/Plant + Pot/CS_Plant_Pot_01_L1.prefab,FREE Low Poly Plants Pots Demo with Growth System Cosmic Retro
household_99f9e167ce,생활용품,화분 01 / 성장 2,0.609 × 0.754 × 0.609,0.393 × 0.487 × 0.393,0.6456558704376221,화분 조합/성장 단계: 서로 다른 식물 종류로 중복 계산하지 않음,Assets/_Game/Content/ItemCollection/Prefabs/household/household_99f9e167ce.prefab,Assets/ItemSources/FREE_Low_Poly_Plants_Pots_Demo_with_Growth_System_Cosmic_Retro/CosmicRetro_Plants&PotsPack_Demo/Prefabs/Plant + Pot/CS_Plant_Pot_01_L2.prefab,FREE Low Poly Plants Pots Demo with Growth System Cosmic Retro
household_470b7c5d52,생활용품,화분 01 / 성장 3,0.745 × 1.051 × 0.686,0.427 × 0.603 × 0.393,0.5731411576271057,화분 조합/성장 단계: 서로 다른 식물 종류로 중복 계산하지 않음,Assets/_Game/Content/ItemCollection/Prefabs/household/household_470b7c5d52.prefab,Assets/ItemSources/FREE_Low_Poly_Plants_Pots_Demo_with_Growth_System_Cosmic_Retro/CosmicRetro_Plants&PotsPack_Demo/Prefabs/Plant + Pot/CS_Plant_Pot_01_L3.prefab,FREE Low Poly Plants Pots Demo with Growth System Cosmic Retro
household_2d18c6fa17,생활용품,화분 06 / 성장 1,0.609 × 0.763 × 0.609,0.393 × 0.493 × 0.393,0.6456558704376221,화분 조합/성장 단계: 서로 다른 식물 종류로 중복 계산하지 않음,Assets/_Game/Content/ItemCollection/Prefabs/household/household_2d18c6fa17.prefab,Assets/ItemSources/FREE_Low_Poly_Plants_Pots_Demo_with_Growth_System_Cosmic_Retro/CosmicRetro_Plants&PotsPack_Demo/Prefabs/Plant + Pot/CS_Plant_Pot_06_L1.prefab,FREE Low Poly Plants Pots Demo with Growth System Cosmic Retro
household_a748381168,생활용품,화분 06 / 성장 2,0.615 × 1.066 × 0.609,0.397 × 0.689 × 0.393,0.6456558704376221,화분 조합/성장 단계: 서로 다른 식물 종류로 중복 계산하지 않음,Assets/_Game/Content/ItemCollection/Prefabs/household/household_a748381168.prefab,Assets/ItemSources/FREE_Low_Poly_Plants_Pots_Demo_with_Growth_System_Cosmic_Retro/CosmicRetro_Plants&PotsPack_Demo/Prefabs/Plant + Pot/CS_Plant_Pot_06_L2.prefab,FREE Low Poly Plants Pots Demo with Growth System Cosmic Retro
household_e8f6140412,생활용품,화분 06 / 성장 3,0.777 × 1.516 × 0.651,0.427 × 0.833 × 0.358,0.5497375130653381,화분 조합/성장 단계: 서로 다른 식물 종류로 중복 계산하지 않음,Assets/_Game/Content/ItemCollection/Prefabs/household/household_e8f6140412.prefab,Assets/ItemSources/FREE_Low_Poly_Plants_Pots_Demo_with_Growth_System_Cosmic_Retro/CosmicRetro_Plants&PotsPack_Demo/Prefabs/Plant + Pot/CS_Plant_Pot_06_L3.prefab,FREE Low Poly Plants Pots Demo with Growth System Cosmic Retro
household_df3c17485c,생활용품,화분 25 / 성장 1,0.609 × 0.721 × 0.609,0.393 × 0.465 × 0.393,0.6456558704376221,화분 조합/성장 단계: 서로 다른 식물 종류로 중복 계산하지 않음,Assets/_Game/Content/ItemCollection/Prefabs/household/household_df3c17485c.prefab,Assets/ItemSources/FREE_Low_Poly_Plants_Pots_Demo_with_Growth_System_Cosmic_Retro/CosmicRetro_Plants&PotsPack_Demo/Prefabs/Plant + Pot/CS_Plant_Pot_25_L1.prefab,FREE Low Poly Plants Pots Demo with Growth System Cosmic Retro
household_2d23115cd4,생활용품,화분 25 / 성장 2,0.609 × 0.961 × 0.609,0.393 × 0.620 × 0.393,0.6456558704376221,화분 조합/성장 단계: 서로 다른 식물 종류로 중복 계산하지 않음,Assets/_Game/Content/ItemCollection/Prefabs/household/household_2d23115cd4.prefab,Assets/ItemSources/FREE_Low_Poly_Plants_Pots_Demo_with_Growth_System_Cosmic_Retro/CosmicRetro_Plants&PotsPack_Demo/Prefabs/Plant + Pot/CS_Plant_Pot_25_L2.prefab,FREE Low Poly Plants Pots Demo with Growth System Cosmic Retro
household_036176ef14,생활용품,화분 25 / 성장 3,0.616 × 1.366 × 0.609,0.398 × 0.882 × 0.393,0.6456558704376221,화분 조합/성장 단계: 서로 다른 식물 종류로 중복 계산하지 않음,Assets/_Game/Content/ItemCollection/Prefabs/household/household_036176ef14.prefab,Assets/ItemSources/FREE_Low_Poly_Plants_Pots_Demo_with_Growth_System_Cosmic_Retro/CosmicRetro_Plants&PotsPack_Demo/Prefabs/Plant + Pot/CS_Plant_Pot_25_L3.prefab,FREE Low Poly Plants Pots Demo with Growth System Cosmic Retro
household_1b99880120,생활용품,화분 37 / 성장 1,0.609 × 0.570 × 0.609,0.393 × 0.368 × 0.393,0.6456558704376221,화분 조합/성장 단계: 서로 다른 식물 종류로 중복 계산하지 않음,Assets/_Game/Content/ItemCollection/Prefabs/household/household_1b99880120.prefab,Assets/ItemSources/FREE_Low_Poly_Plants_Pots_Demo_with_Growth_System_Cosmic_Retro/CosmicRetro_Plants&PotsPack_Demo/Prefabs/Plant + Pot/CS_Plant_Pot_37_L1.prefab,FREE Low Poly Plants Pots Demo with Growth System Cosmic Retro
household_0e10b11f29,생활용품,화분 37 / 성장 2,0.609 × 0.710 × 0.616,0.389 × 0.453 × 0.393,0.6384491324424744,화분 조합/성장 단계: 서로 다른 식물 종류로 중복 계산하지 않음,Assets/_Game/Content/ItemCollection/Prefabs/household/household_0e10b11f29.prefab,Assets/ItemSources/FREE_Low_Poly_Plants_Pots_Demo_with_Growth_System_Cosmic_Retro/CosmicRetro_Plants&PotsPack_Demo/Prefabs/Plant + Pot/CS_Plant_Pot_37_L2.prefab,FREE Low Poly Plants Pots Demo with Growth System Cosmic Retro
household_0b766f425d,생활용품,화분 37 / 성장 3,1.059 × 1.021 × 0.923,0.427 × 0.412 × 0.372,0.4033316969871521,화분 조합/성장 단계: 서로 다른 식물 종류로 중복 계산하지 않음,Assets/_Game/Content/ItemCollection/Prefabs/household/household_0b766f425d.prefab,Assets/ItemSources/FREE_Low_Poly_Plants_Pots_Demo_with_Growth_System_Cosmic_Retro/CosmicRetro_Plants&PotsPack_Demo/Prefabs/Plant + Pot/CS_Plant_Pot_37_L3.prefab,FREE Low Poly Plants Pots Demo with Growth System Cosmic Retro
household_7934873d4f,생활용품,붕대,0.190 × 0.229 × 0.178,0.190 × 0.229 × 0.178,1.0,,Assets/_Game/Content/ItemCollection/Prefabs/household/household_7934873d4f.prefab,Assets/ItemSources/Low_Poly_Basic_Items_Pack_Household_Items/Kabungus/HouseholdItems/Prefabs/Bandages.prefab,Low Poly Basic Items Pack - Household Items
household_aedbf57530,생활용품,야구방망이,0.074 × 0.940 × 0.074,0.074 × 0.940 × 0.074,1.0,,Assets/_Game/Content/ItemCollection/Prefabs/household/household_aedbf57530.prefab,Assets/ItemSources/Low_Poly_Basic_Items_Pack_Household_Items/Kabungus/HouseholdItems/Prefabs/Bat.prefab,Low Poly Basic Items Pack - Household Items
household_252e6d182f,생활용품,맥주잔,0.199 × 0.236 × 0.160,0.199 × 0.236 × 0.160,1.0,,Assets/_Game/Content/ItemCollection/Prefabs/household/household_252e6d182f.prefab,Assets/ItemSources/Low_Poly_Basic_Items_Pack_Household_Items/Kabungus/HouseholdItems/Prefabs/BeerMug.prefab,Low Poly Basic Items Pack - Household Items
household_f7ed05fb18,생활용품,쌍안경,0.248 × 0.123 × 0.309,0.248 × 0.123 × 0.309,1.0,,Assets/_Game/Content/ItemCollection/Prefabs/household/household_f7ed05fb18.prefab,Assets/ItemSources/Low_Poly_Basic_Items_Pack_Household_Items/Kabungus/HouseholdItems/Prefabs/Binoculars.prefab,Low Poly Basic Items Pack - Household Items
household_2606b83e30,생활용품,책 Blue,0.227 × 0.322 × 0.065,0.227 × 0.322 × 0.065,1.0,색상 변형 (종류 수 중복 제외),Assets/_Game/Content/ItemCollection/Prefabs/household/household_2606b83e30.prefab,Assets/ItemSources/Low_Poly_Basic_Items_Pack_Household_Items/Kabungus/HouseholdItems/Prefabs/BookBlue.prefab,Low Poly Basic Items Pack - Household Items
household_b34f2a2b5b,생활용품,책 Orange,0.227 × 0.322 × 0.065,0.227 × 0.322 × 0.065,1.0,색상 변형 (종류 수 중복 제외),Assets/_Game/Content/ItemCollection/Prefabs/household/household_b34f2a2b5b.prefab,Assets/ItemSources/Low_Poly_Basic_Items_Pack_Household_Items/Kabungus/HouseholdItems/Prefabs/BookOrange.prefab,Low Poly Basic Items Pack - Household Items
household_aadc7cae23,생활용품,책 Red,0.227 × 0.322 × 0.065,0.227 × 0.322 × 0.065,1.0,색상 변형 (종류 수 중복 제외),Assets/_Game/Content/ItemCollection/Prefabs/household/household_aadc7cae23.prefab,Assets/ItemSources/Low_Poly_Basic_Items_Pack_Household_Items/Kabungus/HouseholdItems/Prefabs/BookRed.prefab,Low Poly Basic Items Pack - Household Items
household_b65ba074c4,생활용품,책장,1.232 × 2.076 × 0.419,0.427 × 0.720 × 0.145,0.3465985953807831,,Assets/_Game/Content/ItemCollection/Prefabs/household/household_b65ba074c4.prefab,Assets/ItemSources/Low_Poly_Basic_Items_Pack_Household_Items/Kabungus/HouseholdItems/Prefabs/Bookshelf.prefab,Low Poly Basic Items Pack - Household Items
household_c4a181cbc8,생활용품,병 1,0.144 × 0.390 × 0.166,0.144 × 0.390 × 0.166,1.0,,Assets/_Game/Content/ItemCollection/Prefabs/household/household_c4a181cbc8.prefab,Assets/ItemSources/Low_Poly_Basic_Items_Pack_Household_Items/Kabungus/HouseholdItems/Prefabs/Bottle1.prefab,Low Poly Basic Items Pack - Household Items
household_be32f645eb,생활용품,병 1Black,0.144 × 0.390 × 0.166,0.144 × 0.390 × 0.166,1.0,색상 변형 (종류 수 중복 제외),Assets/_Game/Content/ItemCollection/Prefabs/household/household_be32f645eb.prefab,Assets/ItemSources/Low_Poly_Basic_Items_Pack_Household_Items/Kabungus/HouseholdItems/Prefabs/Bottle1Black.prefab,Low Poly Basic Items Pack - Household Items
household_45dd3bd548,생활용품,병 2,0.184 × 0.390 × 0.212,0.184 × 0.390 × 0.212,1.0,,Assets/_Game/Content/ItemCollection/Prefabs/household/household_45dd3bd548.prefab,Assets/ItemSources/Low_Poly_Basic_Items_Pack_Household_Items/Kabungus/HouseholdItems/Prefabs/Bottle2.prefab,Low Poly Basic Items Pack - Household Items
household_7f490e369f,생활용품,병 2Purple,0.184 × 0.390 × 0.212,0.184 × 0.390 × 0.212,1.0,색상 변형 (종류 수 중복 제외),Assets/_Game/Content/ItemCollection/Prefabs/household/household_7f490e369f.prefab,Assets/ItemSources/Low_Poly_Basic_Items_Pack_Household_Items/Kabungus/HouseholdItems/Prefabs/Bottle2Purple.prefab,Low Poly Basic Items Pack - Household Items
household_f5e9090a0a,생활용품,병 3,0.102 × 0.371 × 0.117,0.102 × 0.371 × 0.117,1.0,,Assets/_Game/Content/ItemCollection/Prefabs/household/household_f5e9090a0a.prefab,Assets/ItemSources/Low_Poly_Basic_Items_Pack_Household_Items/Kabungus/HouseholdItems/Prefabs/Bottle3.prefab,Low Poly Basic Items Pack - Household Items
household_fe6d568dd4,생활용품,병 3Blue,0.102 × 0.371 × 0.117,0.102 × 0.371 × 0.117,1.0,색상 변형 (종류 수 중복 제외),Assets/_Game/Content/ItemCollection/Prefabs/household/household_fe6d568dd4.prefab,Assets/ItemSources/Low_Poly_Basic_Items_Pack_Household_Items/Kabungus/HouseholdItems/Prefabs/Bottle3Blue.prefab,Low Poly Basic Items Pack - Household Items
household_cf674f8842,생활용품,병 3Green,0.102 × 0.371 × 0.117,0.102 × 0.371 × 0.117,1.0,색상 변형 (종류 수 중복 제외),Assets/_Game/Content/ItemCollection/Prefabs/household/household_cf674f8842.prefab,Assets/ItemSources/Low_Poly_Basic_Items_Pack_Household_Items/Kabungus/HouseholdItems/Prefabs/Bottle3Green.prefab,Low Poly Basic Items Pack - Household Items
household_f1211d50bc,생활용품,그릇,0.284 × 0.113 × 0.327,0.284 × 0.113 × 0.327,1.0,,Assets/_Game/Content/ItemCollection/Prefabs/household/household_f1211d50bc.prefab,Assets/ItemSources/Low_Poly_Basic_Items_Pack_Household_Items/Kabungus/HouseholdItems/Prefabs/Bowl.prefab,Low Poly Basic Items Pack - Household Items
household_26a96fe595,생활용품,그릇 001,0.284 × 0.113 × 0.327,0.284 × 0.113 × 0.327,1.0,,Assets/_Game/Content/ItemCollection/Prefabs/household/household_26a96fe595.prefab,Assets/ItemSources/Low_Poly_Basic_Items_Pack_Household_Items/Kabungus/HouseholdItems/Prefabs/Bowl_001.prefab,Low Poly Basic Items Pack - Household Items
household_c71d594e3f,생활용품,서류가방,0.707 × 0.633 × 0.163,0.427 × 0.382 × 0.099,0.6040728092193604,,Assets/_Game/Content/ItemCollection/Prefabs/household/household_c71d594e3f.prefab,Assets/ItemSources/Low_Poly_Basic_Items_Pack_Household_Items/Kabungus/HouseholdItems/Prefabs/Briefcase.prefab,Low Poly Basic Items Pack - Household Items
household_34d5c1a69e,생활용품,서류가방 Grey,0.707 × 0.633 × 0.163,0.427 × 0.382 × 0.099,0.6040728092193604,색상 변형 (종류 수 중복 제외),Assets/_Game/Content/ItemCollection/Prefabs/household/household_34d5c1a69e.prefab,Assets/ItemSources/Low_Poly_Basic_Items_Pack_Household_Items/Kabungus/HouseholdItems/Prefabs/BriefcaseGrey.prefab,Low Poly Basic Items Pack - Household Items
household_1357c32675,생활용품,식칼,0.092 × 0.266 × 0.022,0.092 × 0.266 × 0.022,1.0,,Assets/_Game/Content/ItemCollection/Prefabs/household/household_1357c32675.prefab,Assets/ItemSources/Low_Poly_Basic_Items_Pack_Household_Items/Kabungus/HouseholdItems/Prefabs/ButcherKnife.prefab,Low Poly Basic Items Pack - Household Items
household_ea511584ce,생활용품,식칼 Brown,0.092 × 0.266 × 0.022,0.092 × 0.266 × 0.022,1.0,색상 변형 (종류 수 중복 제외),Assets/_Game/Content/ItemCollection/Prefabs/household/household_ea511584ce.prefab,Assets/ItemSources/Low_Poly_Basic_Items_Pack_Household_Items/Kabungus/HouseholdItems/Prefabs/ButcherKnifeBrown.prefab,Low Poly Basic Items Pack - Household Items
household_0d1b7b35f8,생활용품,카메라,0.210 × 0.167 × 0.139,0.210 × 0.167 × 0.139,1.0,,Assets/_Game/Content/ItemCollection/Prefabs/household/household_0d1b7b35f8.prefab,Assets/ItemSources/Low_Poly_Basic_Items_Pack_Household_Items/Kabungus/HouseholdItems/Prefabs/Camera.prefab,Low Poly Basic Items Pack - Household Items
household_8a2474821f,생활용품,의자,0.536 × 1.038 × 0.495,0.425 × 0.824 × 0.393,0.7941450476646423,,Assets/_Game/Content/ItemCollection/Prefabs/household/household_8a2474821f.prefab,Assets/ItemSources/Low_Poly_Basic_Items_Pack_Household_Items/Kabungus/HouseholdItems/Prefabs/Chair.prefab,Low Poly Basic Items Pack - Household Items
household_bc98fc4abb,생활용품,컵,0.106 × 0.191 × 0.123,0.106 × 0.191 × 0.123,1.0,,Assets/_Game/Content/ItemCollection/Prefabs/household/household_bc98fc4abb.prefab,Assets/ItemSources/Low_Poly_Basic_Items_Pack_Household_Items/Kabungus/HouseholdItems/Prefabs/Cup.prefab,Low Poly Basic Items Pack - Household Items
household_29af15583c,생활용품,컵 Brown,0.106 × 0.191 × 0.123,0.106 × 0.191 × 0.123,1.0,색상 변형 (종류 수 중복 제외),Assets/_Game/Content/ItemCollection/Prefabs/household/household_29af15583c.prefab,Assets/ItemSources/Low_Poly_Basic_Items_Pack_Household_Items/Kabungus/HouseholdItems/Prefabs/CupBrown.prefab,Low Poly Basic Items Pack - Household Items
household_49a9ea4878,생활용품,컵 Green,0.106 × 0.191 × 0.123,0.106 × 0.191 × 0.123,1.0,색상 변형 (종류 수 중복 제외),Assets/_Game/Content/ItemCollection/Prefabs/household/household_49a9ea4878.prefab,Assets/ItemSources/Low_Poly_Basic_Items_Pack_Household_Items/Kabungus/HouseholdItems/Prefabs/CupGreen.prefab,Low Poly Basic Items Pack - Household Items
household_49339175c8,생활용품,컵 Red,0.106 × 0.191 × 0.123,0.106 × 0.191 × 0.123,1.0,색상 변형 (종류 수 중복 제외),Assets/_Game/Content/ItemCollection/Prefabs/household/household_49339175c8.prefab,Assets/ItemSources/Low_Poly_Basic_Items_Pack_Household_Items/Kabungus/HouseholdItems/Prefabs/CupRed.prefab,Low Poly Basic Items Pack - Household Items
household_8e1e3fa9b5,생활용품,책상,1.852 × 0.734 × 1.152,0.427 × 0.169 × 0.266,0.23069782555103302,,Assets/_Game/Content/ItemCollection/Prefabs/household/household_8e1e3fa9b5.prefab,Assets/ItemSources/Low_Poly_Basic_Items_Pack_Household_Items/Kabungus/HouseholdItems/Prefabs/Desk.prefab,Low Poly Basic Items Pack - Household Items
household_9f32427af7,생활용품,아령 1,0.637 × 0.244 × 0.281,0.427 × 0.163 × 0.189,0.6708036661148071,,Assets/_Game/Content/ItemCollection/Prefabs/household/household_9f32427af7.prefab,Assets/ItemSources/Low_Poly_Basic_Items_Pack_Household_Items/Kabungus/HouseholdItems/Prefabs/Dumbell1.prefab,Low Poly Basic Items Pack - Household Items
household_05adbdbaa7,생활용품,아령 2,1.517 × 0.472 × 0.545,0.427 × 0.133 × 0.153,0.28152263164520264,,Assets/_Game/Content/ItemCollection/Prefabs/household/household_05adbdbaa7.prefab,Assets/ItemSources/Low_Poly_Basic_Items_Pack_Household_Items/Kabungus/HouseholdItems/Prefabs/Dumbell2.prefab,Low Poly Basic Items Pack - Household Items
household_09696c9725,생활용품,포크,0.044 × 0.171 × 0.013,0.044 × 0.171 × 0.013,1.0,,Assets/_Game/Content/ItemCollection/Prefabs/household/household_09696c9725.prefab,Assets/ItemSources/Low_Poly_Basic_Items_Pack_Household_Items/Kabungus/HouseholdItems/Prefabs/Fork.prefab,Low Poly Basic Items Pack - Household Items
household_b215617163,생활용품,고블릿,0.143 × 0.219 × 0.165,0.143 × 0.219 × 0.165,1.0,,Assets/_Game/Content/ItemCollection/Prefabs/household/household_b215617163.prefab,Assets/ItemSources/Low_Poly_Basic_Items_Pack_Household_Items/Kabungus/HouseholdItems/Prefabs/Goblet.prefab,Low Poly Basic Items Pack - Household Items
household_402cb094cf,생활용품,구급용품,0.584 × 0.222 × 0.419,0.427 × 0.163 × 0.307,0.73146653175354,,Assets/_Game/Content/ItemCollection/Prefabs/household/household_402cb094cf.prefab,Assets/ItemSources/Low_Poly_Basic_Items_Pack_Household_Items/Kabungus/HouseholdItems/Prefabs/HealthKit.prefab,Low Poly Basic Items Pack - Household Items
household_27305de039,생활용품,주방칼,0.045 × 0.293 × 0.019,0.045 × 0.293 × 0.019,1.0,,Assets/_Game/Content/ItemCollection/Prefabs/household/household_27305de039.prefab,Assets/ItemSources/Low_Poly_Basic_Items_Pack_Household_Items/Kabungus/HouseholdItems/Prefabs/KitchenKnife.prefab,Low Poly Basic Items Pack - Household Items
household_5a4b0fec1e,생활용품,주방칼 Brown,0.045 × 0.293 × 0.019,0.045 × 0.293 × 0.019,1.0,색상 변형 (종류 수 중복 제외),Assets/_Game/Content/ItemCollection/Prefabs/household/household_5a4b0fec1e.prefab,Assets/ItemSources/Low_Poly_Basic_Items_Pack_Household_Items/Kabungus/HouseholdItems/Prefabs/KitchenKnifeBrown.prefab,Low Poly Basic Items Pack - Household Items
household_035c559a2e,생활용품,의학서적,0.204 × 0.290 × 0.059,0.204 × 0.290 × 0.059,1.0,,Assets/_Game/Content/ItemCollection/Prefabs/household/household_035c559a2e.prefab,Assets/ItemSources/Low_Poly_Basic_Items_Pack_Household_Items/Kabungus/HouseholdItems/Prefabs/MedBook.prefab,Low Poly Basic Items Pack - Household Items
household_118f89cbc4,생활용품,구급상자,0.518 × 0.371 × 0.137,0.427 × 0.305 × 0.113,0.8244083523750305,,Assets/_Game/Content/ItemCollection/Prefabs/household/household_118f89cbc4.prefab,Assets/ItemSources/Low_Poly_Basic_Items_Pack_Household_Items/Kabungus/HouseholdItems/Prefabs/Medkit.prefab,Low Poly Basic Items Pack - Household Items
household_b3720aac62,생활용품,돈,0.263 × 0.097 × 0.143,0.263 × 0.097 × 0.143,1.0,,Assets/_Game/Content/ItemCollection/Prefabs/household/household_b3720aac62.prefab,Assets/ItemSources/Low_Poly_Basic_Items_Pack_Household_Items/Kabungus/HouseholdItems/Prefabs/Money.prefab,Low Poly Basic Items Pack - Household Items
household_8d30412026,생활용품,머그컵,0.148 × 0.124 × 0.127,0.148 × 0.124 × 0.127,1.0,,Assets/_Game/Content/ItemCollection/Prefabs/household/household_8d30412026.prefab,Assets/ItemSources/Low_Poly_Basic_Items_Pack_Household_Items/Kabungus/HouseholdItems/Prefabs/Mug.prefab,Low Poly Basic Items Pack - Household Items
household_18dc6bca14,생활용품,머그컵 001,0.148 × 0.124 × 0.127,0.148 × 0.124 × 0.127,1.0,,Assets/_Game/Content/ItemCollection/Prefabs/household/household_18dc6bca14.prefab,Assets/ItemSources/Low_Poly_Basic_Items_Pack_Household_Items/Kabungus/HouseholdItems/Prefabs/Mug_001.prefab,Low Poly Basic Items Pack - Household Items
household_86ab8f2eaa,생활용품,프라이팬,0.878 × 0.105 × 0.558,0.427 × 0.051 × 0.271,0.4864131808280945,,Assets/_Game/Content/ItemCollection/Prefabs/household/household_86ab8f2eaa.prefab,Assets/ItemSources/Low_Poly_Basic_Items_Pack_Household_Items/Kabungus/HouseholdItems/Prefabs/Pan.prefab,Low Poly Basic Items Pack - Household Items
household_daf8ccdf6b,생활용품,프라이팬 2,0.763 × 0.157 × 0.660,0.427 × 0.088 × 0.369,0.5599335432052612,,Assets/_Game/Content/ItemCollection/Prefabs/household/household_daf8ccdf6b.prefab,Assets/ItemSources/Low_Poly_Basic_Items_Pack_Household_Items/Kabungus/HouseholdItems/Prefabs/Pan2.prefab,Low Poly Basic Items Pack - Household Items
household_3cf631d91f,생활용품,연필,0.033 × 0.294 × 0.033,0.033 × 0.294 × 0.033,1.0,,Assets/_Game/Content/ItemCollection/Prefabs/household/household_3cf631d91f.prefab,Assets/ItemSources/Low_Poly_Basic_Items_Pack_Household_Items/Kabungus/HouseholdItems/Prefabs/Pencil.prefab,Low Poly Basic Items Pack - Household Items
household_74fa3af0cf,생활용품,약통,0.087 × 0.185 × 0.087,0.087 × 0.185 × 0.087,1.0,,Assets/_Game/Content/ItemCollection/Prefabs/household/household_74fa3af0cf.prefab,Assets/ItemSources/Low_Poly_Basic_Items_Pack_Household_Items/Kabungus/HouseholdItems/Prefabs/PillBottle.prefab,Low Poly Basic Items Pack - Household Items
household_599b417157,생활용품,접시,0.357 × 0.026 × 0.412,0.340 × 0.025 × 0.393,0.9543681144714355,,Assets/_Game/Content/ItemCollection/Prefabs/household/household_599b417157.prefab,Assets/ItemSources/Low_Poly_Basic_Items_Pack_Household_Items/Kabungus/HouseholdItems/Prefabs/Plate.prefab,Low Poly Basic Items Pack - Household Items
household_35328a221f,생활용품,접시 001,0.357 × 0.026 × 0.412,0.340 × 0.025 × 0.393,0.9543681144714355,,Assets/_Game/Content/ItemCollection/Prefabs/household/household_35328a221f.prefab,Assets/ItemSources/Low_Poly_Basic_Items_Pack_Household_Items/Kabungus/HouseholdItems/Prefabs/Plate_001.prefab,Low Poly Basic Items Pack - Household Items
household_3bf3d37e51,생활용품,뚫어뻥,0.182 × 0.483 × 0.182,0.182 × 0.483 × 0.182,1.0,,Assets/_Game/Content/ItemCollection/Prefabs/household/household_3bf3d37e51.prefab,Assets/ItemSources/Low_Poly_Basic_Items_Pack_Household_Items/Kabungus/HouseholdItems/Prefabs/Plunger.prefab,Low Poly Basic Items Pack - Household Items
household_a6285090a6,생활용품,냄비,0.573 × 0.331 × 0.483,0.427 × 0.246 × 0.360,0.7448533773422241,,Assets/_Game/Content/ItemCollection/Prefabs/household/household_a6285090a6.prefab,Assets/ItemSources/Low_Poly_Basic_Items_Pack_Household_Items/Kabungus/HouseholdItems/Prefabs/Pot.prefab,Low Poly Basic Items Pack - Household Items
household_d3ed2584ed,생활용품,스마트폰 Blue,0.129 × 0.265 × 0.032,0.129 × 0.265 × 0.032,1.0,색상 변형 (종류 수 중복 제외),Assets/_Game/Content/ItemCollection/Prefabs/household/household_d3ed2584ed.prefab,Assets/ItemSources/Low_Poly_Basic_Items_Pack_Household_Items/Kabungus/HouseholdItems/Prefabs/SmartPhoneBlue.prefab,Low Poly Basic Items Pack - Household Items
household_444b84cd14,생활용품,스마트폰 Green,0.129 × 0.265 × 0.032,0.129 × 0.265 × 0.032,1.0,색상 변형 (종류 수 중복 제외),Assets/_Game/Content/ItemCollection/Prefabs/household/household_444b84cd14.prefab,Assets/ItemSources/Low_Poly_Basic_Items_Pack_Household_Items/Kabungus/HouseholdItems/Prefabs/SmartPhoneGreen.prefab,Low Poly Basic Items Pack - Household Items
household_41de4cd515,생활용품,스마트폰 Red,0.129 × 0.265 × 0.032,0.129 × 0.265 × 0.032,1.0,색상 변형 (종류 수 중복 제외),Assets/_Game/Content/ItemCollection/Prefabs/household/household_41de4cd515.prefab,Assets/ItemSources/Low_Poly_Basic_Items_Pack_Household_Items/Kabungus/HouseholdItems/Prefabs/SmartPhoneRed.prefab,Low Poly Basic Items Pack - Household Items
household_55fc1bc51d,생활용품,스마트폰 White,0.129 × 0.265 × 0.032,0.129 × 0.265 × 0.032,1.0,색상 변형 (종류 수 중복 제외),Assets/_Game/Content/ItemCollection/Prefabs/household/household_55fc1bc51d.prefab,Assets/ItemSources/Low_Poly_Basic_Items_Pack_Household_Items/Kabungus/HouseholdItems/Prefabs/SmartPhoneWhite.prefab,Low Poly Basic Items Pack - Household Items
household_a2d4a7c5b1,생활용품,뒤집개,0.098 × 0.318 × 0.025,0.098 × 0.318 × 0.025,1.0,,Assets/_Game/Content/ItemCollection/Prefabs/household/household_a2d4a7c5b1.prefab,Assets/ItemSources/Low_Poly_Basic_Items_Pack_Household_Items/Kabungus/HouseholdItems/Prefabs/Spatula.prefab,Low Poly Basic Items Pack - Household Items
household_4dbfced7de,생활용품,숟가락,0.052 × 0.161 × 0.015,0.052 × 0.161 × 0.015,1.0,,Assets/_Game/Content/ItemCollection/Prefabs/household/household_4dbfced7de.prefab,Assets/ItemSources/Low_Poly_Basic_Items_Pack_Household_Items/Kabungus/HouseholdItems/Prefabs/Spoon.prefab,Low Poly Basic Items Pack - Household Items
household_d95afa4856,생활용품,주사기,0.079 × 0.311 × 0.079,0.079 × 0.311 × 0.079,1.0,,Assets/_Game/Content/ItemCollection/Prefabs/household/household_d95afa4856.prefab,Assets/ItemSources/Low_Poly_Basic_Items_Pack_Household_Items/Kabungus/HouseholdItems/Prefabs/Syringe.prefab,Low Poly Basic Items Pack - Household Items
household_1fbec848c7,생활용품,탁자,1.356 × 0.734 × 2.174,0.245 × 0.133 × 0.393,0.18078909814357758,,Assets/_Game/Content/ItemCollection/Prefabs/household/household_1fbec848c7.prefab,Assets/ItemSources/Low_Poly_Basic_Items_Pack_Household_Items/Kabungus/HouseholdItems/Prefabs/Table.prefab,Low Poly Basic Items Pack - Household Items
household_a392f42483,생활용품,칫솔 Blue,0.035 × 0.244 × 0.062,0.035 × 0.244 × 0.062,1.0,색상 변형 (종류 수 중복 제외),Assets/_Game/Content/ItemCollection/Prefabs/household/household_a392f42483.prefab,Assets/ItemSources/Low_Poly_Basic_Items_Pack_Household_Items/Kabungus/HouseholdItems/Prefabs/ToothbrushBlue.prefab,Low Poly Basic Items Pack - Household Items
household_11520b3f22,생활용품,칫솔 Green,0.035 × 0.244 × 0.062,0.035 × 0.244 × 0.062,1.0,색상 변형 (종류 수 중복 제외),Assets/_Game/Content/ItemCollection/Prefabs/household/household_11520b3f22.prefab,Assets/ItemSources/Low_Poly_Basic_Items_Pack_Household_Items/Kabungus/HouseholdItems/Prefabs/ToothbrushGreen.prefab,Low Poly Basic Items Pack - Household Items
household_e5b57ee8d2,생활용품,칫솔 Red,0.035 × 0.244 × 0.062,0.035 × 0.244 × 0.062,1.0,색상 변형 (종류 수 중복 제외),Assets/_Game/Content/ItemCollection/Prefabs/household/household_e5b57ee8d2.prefab,Assets/ItemSources/Low_Poly_Basic_Items_Pack_Household_Items/Kabungus/HouseholdItems/Prefabs/ToothbrushRed.prefab,Low Poly Basic Items Pack - Household Items
household_e72a755f50,생활용품,텔레비전,1.454 × 1.024 × 0.247,0.427 × 0.301 × 0.073,0.29386112093925476,,Assets/_Game/Content/ItemCollection/Prefabs/household/household_e72a755f50.prefab,Assets/ItemSources/Low_Poly_Basic_Items_Pack_Household_Items/Kabungus/HouseholdItems/Prefabs/TV.prefab,Low Poly Basic Items Pack - Household Items
household_0e33f41bf5,생활용품,TV장,1.543 × 0.667 × 0.820,0.427 × 0.185 × 0.227,0.27676525712013245,,Assets/_Game/Content/ItemCollection/Prefabs/household/household_0e33f41bf5.prefab,Assets/ItemSources/Low_Poly_Basic_Items_Pack_Household_Items/Kabungus/HouseholdItems/Prefabs/TVStand.prefab,Low Poly Basic Items Pack - Household Items
household_aa0e710e7e,생활용품,식물 화분 조합,2.618 × 1.712 × 2.650,0.388 × 0.254 × 0.393,0.14830034971237183,화분 조합/성장 단계: 서로 다른 식물 종류로 중복 계산하지 않음,Assets/_Game/Content/ItemCollection/Prefabs/household/household_aa0e710e7e.prefab,Assets/ItemSources/Low_Poly_Interior_Flower_Pots/Level13/Low Poly Interior Flower Pots/URP/Prefab/Plant & pots/Plant & Pot.prefab,Low Poly Interior Flower Pots
household_9e3de3ca83,생활용품,선인장 화분,0.578 × 1.929 × 0.578,0.325 × 1.085 × 0.325,0.5624688863754272,화분 조합/성장 단계: 서로 다른 식물 종류로 중복 계산하지 않음,Assets/_Game/Content/ItemCollection/Prefabs/household/household_9e3de3ca83.prefab,Assets/ItemSources/Low_Poly_Interior_Flower_Pots/Level13/Low Poly Interior Flower Pots/URP/Prefab/Plant & pots/Pot1 & Cactus.prefab,Low Poly Interior Flower Pots
household_18405a29e2,생활용품,인테리어 화분 1,1.139 × 0.937 × 1.134,0.395 × 0.325 × 0.393,0.34652334451675415,화분 조합/성장 단계: 서로 다른 식물 종류로 중복 계산하지 않음,Assets/_Game/Content/ItemCollection/Prefabs/household/household_18405a29e2.prefab,Assets/ItemSources/Low_Poly_Interior_Flower_Pots/Level13/Low Poly Interior Flower Pots/URP/Prefab/Plant & pots/Pot1.prefab,Low Poly Interior Flower Pots
household_1f65f42023,생활용품,인테리어 화분 2,1.139 × 0.937 × 1.134,0.395 × 0.325 × 0.393,0.34652334451675415,화분 조합/성장 단계: 서로 다른 식물 종류로 중복 계산하지 않음,Assets/_Game/Content/ItemCollection/Prefabs/household/household_1f65f42023.prefab,Assets/ItemSources/Low_Poly_Interior_Flower_Pots/Level13/Low Poly Interior Flower Pots/URP/Prefab/Plant & pots/Pot2.prefab,Low Poly Interior Flower Pots
household_72e8a78f9c,생활용품,인테리어 화분 3,1.139 × 0.937 × 1.134,0.395 × 0.325 × 0.393,0.34652334451675415,화분 조합/성장 단계: 서로 다른 식물 종류로 중복 계산하지 않음,Assets/_Game/Content/ItemCollection/Prefabs/household/household_72e8a78f9c.prefab,Assets/ItemSources/Low_Poly_Interior_Flower_Pots/Level13/Low Poly Interior Flower Pots/URP/Prefab/Plant & pots/Pot3.prefab,Low Poly Interior Flower Pots
household_bf1a214143,생활용품,인테리어 화분 4,1.139 × 0.937 × 1.134,0.395 × 0.325 × 0.393,0.34652334451675415,화분 조합/성장 단계: 서로 다른 식물 종류로 중복 계산하지 않음,Assets/_Game/Content/ItemCollection/Prefabs/household/household_bf1a214143.prefab,Assets/ItemSources/Low_Poly_Interior_Flower_Pots/Level13/Low Poly Interior Flower Pots/URP/Prefab/Plant & pots/Pot4.prefab,Low Poly Interior Flower Pots
household_a795ce75f0,생활용품,인테리어 화분 5,1.139 × 0.937 × 1.134,0.395 × 0.325 × 0.393,0.34652334451675415,화분 조합/성장 단계: 서로 다른 식물 종류로 중복 계산하지 않음,Assets/_Game/Content/ItemCollection/Prefabs/household/household_a795ce75f0.prefab,Assets/ItemSources/Low_Poly_Interior_Flower_Pots/Level13/Low Poly Interior Flower Pots/URP/Prefab/Plant & pots/Pot5.prefab,Low Poly Interior Flower Pots
household_69b0ae4309,생활용품,인테리어 화분 6,1.139 × 0.937 × 1.134,0.395 × 0.325 × 0.393,0.34652334451675415,화분 조합/성장 단계: 서로 다른 식물 종류로 중복 계산하지 않음,Assets/_Game/Content/ItemCollection/Prefabs/household/household_69b0ae4309.prefab,Assets/ItemSources/Low_Poly_Interior_Flower_Pots/Level13/Low Poly Interior Flower Pots/URP/Prefab/Plant & pots/Pot6.prefab,Low Poly Interior Flower Pots
household_d62fdc4ab4,생활용품,인테리어 화분 7,1.139 × 0.937 × 1.134,0.395 × 0.325 × 0.393,0.34652334451675415,화분 조합/성장 단계: 서로 다른 식물 종류로 중복 계산하지 않음,Assets/_Game/Content/ItemCollection/Prefabs/household/household_d62fdc4ab4.prefab,Assets/ItemSources/Low_Poly_Interior_Flower_Pots/Level13/Low Poly Interior Flower Pots/URP/Prefab/Plant & pots/Pot7.prefab,Low Poly Interior Flower Pots
household_cb6123e8dd,생활용품,테이프,0.046 × 0.013 × 0.048,0.046 × 0.013 × 0.048,1.0,,Assets/_Game/Content/ItemCollection/Prefabs/household/household_cb6123e8dd.prefab,Assets/ItemSources/Low_Poly_Stylized_Bathroom_Props/CrowAssets/Assets/Stylized Bathroom Set/URP/Prefabs/Adhesive Tape.prefab,Low Poly Stylized Bathroom Props
household_7db232db47,생활용품,반창고,0.008 × 0.000 × 0.025,0.008 × 0.000 × 0.025,1.0,,Assets/_Game/Content/ItemCollection/Prefabs/household/household_7db232db47.prefab,Assets/ItemSources/Low_Poly_Stylized_Bathroom_Props/CrowAssets/Assets/Stylized Bathroom Set/URP/Prefabs/AdhesiveBandage.prefab,Low Poly Stylized Bathroom Props
household_f598eb7607,생활용품,방향제,0.035 × 0.064 × 0.036,0.035 × 0.064 × 0.036,1.0,,Assets/_Game/Content/ItemCollection/Prefabs/household/household_f598eb7607.prefab,Assets/ItemSources/Low_Poly_Stylized_Bathroom_Props/CrowAssets/Assets/Stylized Bathroom Set/URP/Prefabs/Airfreshener.prefab,Low Poly Stylized Bathroom Props
household_ca9d889ba9,생활용품,붕대,0.051 × 0.051 × 0.051,0.051 × 0.051 × 0.051,1.0,,Assets/_Game/Content/ItemCollection/Prefabs/household/household_ca9d889ba9.prefab,Assets/ItemSources/Low_Poly_Stylized_Bathroom_Props/CrowAssets/Assets/Stylized Bathroom Set/URP/Prefabs/Bandage Roll.prefab,Low Poly Stylized Bathroom Props
household_204de6857f,생활용품,바구니,0.350 × 0.093 × 0.177,0.350 × 0.093 × 0.177,1.0,,Assets/_Game/Content/ItemCollection/Prefabs/household/household_204de6857f.prefab,Assets/ItemSources/Low_Poly_Stylized_Bathroom_Props/CrowAssets/Assets/Stylized Bathroom Set/URP/Prefabs/Basket.prefab,Low Poly Stylized Bathroom Props
household_f901ad5c47,생활용품,실핀,0.005 × 0.001 × 0.048,0.005 × 0.001 × 0.048,1.0,,Assets/_Game/Content/ItemCollection/Prefabs/household/household_f901ad5c47.prefab,Assets/ItemSources/Low_Poly_Stylized_Bathroom_Props/CrowAssets/Assets/Stylized Bathroom Set/URP/Prefabs/Bobbypin.prefab,Low Poly Stylized Bathroom Props
household_9881c5c43b,생활용품,병 1,0.056 × 0.164 × 0.057,0.056 × 0.164 × 0.057,1.0,,Assets/_Game/Content/ItemCollection/Prefabs/household/household_9881c5c43b.prefab,Assets/ItemSources/Low_Poly_Stylized_Bathroom_Props/CrowAssets/Assets/Stylized Bathroom Set/URP/Prefabs/Bottle1.prefab,Low Poly Stylized Bathroom Props
household_89f3c6d3c9,생활용품,병 2,0.044 × 0.130 × 0.046,0.044 × 0.130 × 0.046,1.0,,Assets/_Game/Content/ItemCollection/Prefabs/household/household_89f3c6d3c9.prefab,Assets/ItemSources/Low_Poly_Stylized_Bathroom_Props/CrowAssets/Assets/Stylized Bathroom Set/URP/Prefabs/Bottle2.prefab,Low Poly Stylized Bathroom Props
household_f89d1ee5b9,생활용품,병 3,0.069 × 0.164 × 0.045,0.069 × 0.164 × 0.045,1.0,,Assets/_Game/Content/ItemCollection/Prefabs/household/household_f89d1ee5b9.prefab,Assets/ItemSources/Low_Poly_Stylized_Bathroom_Props/CrowAssets/Assets/Stylized Bathroom Set/URP/Prefabs/Bottle3.prefab,Low Poly Stylized Bathroom Props
household_d6e21ff5ce,생활용품,빨래집게,0.075 × 0.012 × 0.009,0.075 × 0.012 × 0.009,1.0,,Assets/_Game/Content/ItemCollection/Prefabs/household/household_d6e21ff5ce.prefab,Assets/ItemSources/Low_Poly_Stylized_Bathroom_Props/CrowAssets/Assets/Stylized Bathroom Set/URP/Prefabs/Clothes pin.prefab,Low Poly Stylized Bathroom Props
household_15d4d18e82,생활용품,면봉,0.005 × 0.005 × 0.075,0.005 × 0.005 × 0.075,1.0,,Assets/_Game/Content/ItemCollection/Prefabs/household/household_15d4d18e82.prefab,Assets/ItemSources/Low_Poly_Stylized_Bathroom_Props/CrowAssets/Assets/Stylized Bathroom Set/URP/Prefabs/Cotton Swab.prefab,Low Poly Stylized Bathroom Props
household_d417da86ab,생활용품,헤어롤,0.027 × 0.040 × 0.271,0.027 × 0.040 × 0.271,1.0,,Assets/_Game/Content/ItemCollection/Prefabs/household/household_d417da86ab.prefab,Assets/ItemSources/Low_Poly_Stylized_Bathroom_Props/CrowAssets/Assets/Stylized Bathroom Set/URP/Prefabs/Hair Curler.prefab,Low Poly Stylized Bathroom Props
household_f05c88d061,생활용품,드라이어,0.193 × 0.222 × 0.088,0.193 × 0.222 × 0.088,1.0,,Assets/_Game/Content/ItemCollection/Prefabs/household/household_f05c88d061.prefab,Assets/ItemSources/Low_Poly_Stylized_Bathroom_Props/CrowAssets/Assets/Stylized Bathroom Set/URP/Prefabs/HairDryer.prefab,Low Poly Stylized Bathroom Props
household_34ac53ea84,생활용품,헤어제품,0.089 × 0.079 × 0.091,0.089 × 0.079 × 0.091,1.0,,Assets/_Game/Content/ItemCollection/Prefabs/household/household_34ac53ea84.prefab,Assets/ItemSources/Low_Poly_Stylized_Bathroom_Props/CrowAssets/Assets/Stylized Bathroom Set/URP/Prefabs/HairGrease.prefab,Low Poly Stylized Bathroom Props
household_cdce725984,생활용품,손거울,0.122 × 0.017 × 0.225,0.122 × 0.017 × 0.225,1.0,,Assets/_Game/Content/ItemCollection/Prefabs/household/household_cdce725984.prefab,Assets/ItemSources/Low_Poly_Stylized_Bathroom_Props/CrowAssets/Assets/Stylized Bathroom Set/URP/Prefabs/Hand Mirror.prefab,Low Poly Stylized Bathroom Props
household_156fe0ba0b,생활용품,고무장갑,0.112 × 0.007 × 0.207,0.112 × 0.007 × 0.207,1.0,,Assets/_Game/Content/ItemCollection/Prefabs/household/household_156fe0ba0b.prefab,Assets/ItemSources/Low_Poly_Stylized_Bathroom_Props/CrowAssets/Assets/Stylized Bathroom Set/URP/Prefabs/Latex Gloves.prefab,Low Poly Stylized Bathroom Props
household_7ad4eafba8,생활용품,의료용가위,0.059 × 0.005 × 0.156,0.059 × 0.005 × 0.156,1.0,,Assets/_Game/Content/ItemCollection/Prefabs/household/household_7ad4eafba8.prefab,Assets/ItemSources/Low_Poly_Stylized_Bathroom_Props/CrowAssets/Assets/Stylized Bathroom Set/URP/Prefabs/Medical Scissors.prefab,Low Poly Stylized Bathroom Props
household_066e38a6ff,생활용품,손톱깎이,0.072 × 0.046 × 0.008,0.072 × 0.046 × 0.008,1.0,,Assets/_Game/Content/ItemCollection/Prefabs/household/household_066e38a6ff.prefab,Assets/ItemSources/Low_Poly_Stylized_Bathroom_Props/CrowAssets/Assets/Stylized Bathroom Set/URP/Prefabs/NailClippers.prefab,Low Poly Stylized Bathroom Props
household_072b375834,생활용품,면도기,0.101 × 0.022 × 0.036,0.101 × 0.022 × 0.036,1.0,,Assets/_Game/Content/ItemCollection/Prefabs/household/household_072b375834.prefab,Assets/ItemSources/Low_Poly_Stylized_Bathroom_Props/CrowAssets/Assets/Stylized Bathroom Set/URP/Prefabs/Razor.prefab,Low Poly Stylized Bathroom Props
household_957b15eb7c,생활용품,고무오리,0.107 × 0.096 × 0.071,0.107 × 0.096 × 0.071,1.0,,Assets/_Game/Content/ItemCollection/Prefabs/household/household_957b15eb7c.prefab,Assets/ItemSources/Low_Poly_Stylized_Bathroom_Props/CrowAssets/Assets/Stylized Bathroom Set/URP/Prefabs/RubberDuck.prefab,Low Poly Stylized Bathroom Props
household_ccdc8322c2,생활용품,비누,0.087 × 0.033 × 0.053,0.087 × 0.033 × 0.053,1.0,,Assets/_Game/Content/ItemCollection/Prefabs/household/household_ccdc8322c2.prefab,Assets/ItemSources/Low_Poly_Stylized_Bathroom_Props/CrowAssets/Assets/Stylized Bathroom Set/URP/Prefabs/Soap.prefab,Low Poly Stylized Bathroom Props
household_72a8585903,생활용품,비누통,0.107 × 0.037 × 0.062,0.107 × 0.037 × 0.062,1.0,,Assets/_Game/Content/ItemCollection/Prefabs/household/household_72a8585903.prefab,Assets/ItemSources/Low_Poly_Stylized_Bathroom_Props/CrowAssets/Assets/Stylized Bathroom Set/URP/Prefabs/Soapbox.prefab,Low Poly Stylized Bathroom Props
household_4a8e69ba9e,생활용품,분무기,0.030 × 0.104 × 0.031,0.030 × 0.104 × 0.031,1.0,,Assets/_Game/Content/ItemCollection/Prefabs/household/household_4a8e69ba9e.prefab,Assets/ItemSources/Low_Poly_Stylized_Bathroom_Props/CrowAssets/Assets/Stylized Bathroom Set/URP/Prefabs/SprayBottle.prefab,Low Poly Stylized Bathroom Props
household_16137d462d,생활용품,티슈,0.116 × 0.131 × 0.222,0.116 × 0.131 × 0.222,1.0,,Assets/_Game/Content/ItemCollection/Prefabs/household/household_16137d462d.prefab,Assets/ItemSources/Low_Poly_Stylized_Bathroom_Props/CrowAssets/Assets/Stylized Bathroom Set/URP/Prefabs/Tissue Box.prefab,Low Poly Stylized Bathroom Props
household_9d3dcf28b5,생활용품,핀셋,0.013 × 0.002 × 0.088,0.013 × 0.002 × 0.088,1.0,,Assets/_Game/Content/ItemCollection/Prefabs/household/household_9d3dcf28b5.prefab,Assets/ItemSources/Low_Poly_Stylized_Bathroom_Props/CrowAssets/Assets/Stylized Bathroom Set/URP/Prefabs/Tweezers.prefab,Low Poly Stylized Bathroom Props
household_992a868dab,생활용품,병 1,0.174 × 0.289 × 0.174,0.174 × 0.289 × 0.174,1.0,,Assets/_Game/Content/ItemCollection/Prefabs/household/household_992a868dab.prefab,Assets/ItemSources/RPG_Food_Props_DEMO/RPG FOOD PROPS/UNIVERSAL RENDER PIPELINE/Prefabs/Bottle1.prefab,RPG Food Props DEMO
household_b1b98c6d29,생활용품,병 2,0.116 × 0.289 × 0.110,0.116 × 0.289 × 0.110,1.0,,Assets/_Game/Content/ItemCollection/Prefabs/household/household_b1b98c6d29.prefab,Assets/ItemSources/RPG_Food_Props_DEMO/RPG FOOD PROPS/UNIVERSAL RENDER PIPELINE/Prefabs/Bottle2.prefab,RPG Food Props DEMO
household_e5988bb567,생활용품,접시,0.354 × 0.037 × 0.354,0.354 × 0.037 × 0.354,1.0,,Assets/_Game/Content/ItemCollection/Prefabs/household/household_e5988bb567.prefab,Assets/ItemSources/RPG_Food_Props_DEMO/RPG FOOD PROPS/UNIVERSAL RENDER PIPELINE/Prefabs/Plate.prefab,RPG Food Props DEMO
household_7b6c771b37,생활용품,야구방망이 001,0.098 × 1.115 × 0.098,0.095 × 1.085 × 0.095,0.972790002822876,스포츠용품,Assets/_Game/Content/ItemCollection/Prefabs/household/household_7b6c771b37.prefab,Assets/ItemSources/Weapons_FREE_Low_Poly_3D_Models_Pack/ithappy/Weapons_FREE/Prefabs/baseball_bat_001.prefab,Weapons FREE - Low Poly 3D Models Pack
household_5a12341dd6,생활용품,하키스틱 001,0.075 × 1.262 × 0.423,0.065 × 1.085 × 0.363,0.85933518409729,스포츠용품,Assets/_Game/Content/ItemCollection/Prefabs/household/household_5a12341dd6.prefab,Assets/ItemSources/Weapons_FREE_Low_Poly_3D_Models_Pack/ithappy/Weapons_FREE/Prefabs/hockey_stick_001.prefab,Weapons FREE - Low Poly 3D Models Pack
tools_58256b3aaf,공구·작업용품,쇠지렛대,0.167 × 0.561 × 0.028,0.167 × 0.561 × 0.028,1.0,,Assets/_Game/Content/ItemCollection/Prefabs/tools/tools_58256b3aaf.prefab,Assets/ItemSources/Low_Poly_Basic_Items_Pack_Household_Items/Kabungus/HouseholdItems/Prefabs/Crowbar.prefab,Low Poly Basic Items Pack - Household Items
tools_620e5958e0,공구·작업용품,손전등,0.085 × 0.294 × 0.085,0.085 × 0.294 × 0.085,1.0,,Assets/_Game/Content/ItemCollection/Prefabs/tools/tools_620e5958e0.prefab,Assets/ItemSources/Low_Poly_Basic_Items_Pack_Household_Items/Kabungus/HouseholdItems/Prefabs/Flashlight.prefab,Low Poly Basic Items Pack - Household Items
tools_e4ff06e4d3,공구·작업용품,연료통,0.563 × 0.809 × 0.228,0.427 × 0.614 × 0.173,0.7590876817703247,,Assets/_Game/Content/ItemCollection/Prefabs/tools/tools_e4ff06e4d3.prefab,Assets/ItemSources/Low_Poly_Basic_Items_Pack_Household_Items/Kabungus/HouseholdItems/Prefabs/GasCan.prefab,Low Poly Basic Items Pack - Household Items
tools_2ec1e195ff,공구·작업용품,망치,0.202 × 0.392 × 0.068,0.202 × 0.392 × 0.068,1.0,,Assets/_Game/Content/ItemCollection/Prefabs/tools/tools_2ec1e195ff.prefab,Assets/ItemSources/Low_Poly_Basic_Items_Pack_Household_Items/Kabungus/HouseholdItems/Prefabs/Hammer.prefab,Low Poly Basic Items Pack - Household Items
tools_ec4a6a4fad,공구·작업용품,망치 2,0.202 × 0.392 × 0.068,0.202 × 0.392 × 0.068,1.0,,Assets/_Game/Content/ItemCollection/Prefabs/tools/tools_ec4a6a4fad.prefab,Assets/ItemSources/Low_Poly_Basic_Items_Pack_Household_Items/Kabungus/HouseholdItems/Prefabs/Hammer2.prefab,Low Poly Basic Items Pack - Household Items
tools_b2e0f6c6e2,공구·작업용품,손도끼,0.190 × 0.506 × 0.055,0.190 × 0.506 × 0.055,1.0,,Assets/_Game/Content/ItemCollection/Prefabs/tools/tools_b2e0f6c6e2.prefab,Assets/ItemSources/Low_Poly_Basic_Items_Pack_Household_Items/Kabungus/HouseholdItems/Prefabs/Hatchet.prefab,Low Poly Basic Items Pack - Household Items
tools_5b356b6e60,공구·작업용품,손도끼 2,0.190 × 0.506 × 0.055,0.190 × 0.506 × 0.055,1.0,,Assets/_Game/Content/ItemCollection/Prefabs/tools/tools_5b356b6e60.prefab,Assets/ItemSources/Low_Poly_Basic_Items_Pack_Household_Items/Kabungus/HouseholdItems/Prefabs/Hatchet2.prefab,Low Poly Basic Items Pack - Household Items
tools_8e5535135f,공구·작업용품,톱,0.637 × 0.183 × 0.027,0.427 × 0.123 × 0.018,0.6705614924430847,,Assets/_Game/Content/ItemCollection/Prefabs/tools/tools_8e5535135f.prefab,Assets/ItemSources/Low_Poly_Basic_Items_Pack_Household_Items/Kabungus/HouseholdItems/Prefabs/Saw.prefab,Low Poly Basic Items Pack - Household Items
tools_2a6dab02c5,공구·작업용품,드라이버 Blue,0.050 × 0.353 × 0.050,0.050 × 0.353 × 0.050,1.0,색상 변형 (종류 수 중복 제외),Assets/_Game/Content/ItemCollection/Prefabs/tools/tools_2a6dab02c5.prefab,Assets/ItemSources/Low_Poly_Basic_Items_Pack_Household_Items/Kabungus/HouseholdItems/Prefabs/ScrewDriverBlue.prefab,Low Poly Basic Items Pack - Household Items
tools_3810e26326,공구·작업용품,드라이버 Red,0.050 × 0.353 × 0.050,0.050 × 0.353 × 0.050,1.0,색상 변형 (종류 수 중복 제외),Assets/_Game/Content/ItemCollection/Prefabs/tools/tools_3810e26326.prefab,Assets/ItemSources/Low_Poly_Basic_Items_Pack_Household_Items/Kabungus/HouseholdItems/Prefabs/ScrewDriverRed.prefab,Low Poly Basic Items Pack - Household Items
tools_3695a1c260,공구·작업용품,삽,0.229 × 0.930 × 0.071,0.229 × 0.930 × 0.071,1.0,,Assets/_Game/Content/ItemCollection/Prefabs/tools/tools_3695a1c260.prefab,Assets/ItemSources/Low_Poly_Basic_Items_Pack_Household_Items/Kabungus/HouseholdItems/Prefabs/Shovel.prefab,Low Poly Basic Items Pack - Household Items
tools_9da04c23bd,공구·작업용품,대형망치,0.227 × 0.852 × 0.109,0.227 × 0.852 × 0.109,1.0,,Assets/_Game/Content/ItemCollection/Prefabs/tools/tools_9da04c23bd.prefab,Assets/ItemSources/Low_Poly_Basic_Items_Pack_Household_Items/Kabungus/HouseholdItems/Prefabs/SledgeHammer.prefab,Low Poly Basic Items Pack - Household Items
tools_023b2b62a2,공구·작업용품,대형망치 2,0.227 × 0.852 × 0.109,0.227 × 0.852 × 0.109,1.0,,Assets/_Game/Content/ItemCollection/Prefabs/tools/tools_023b2b62a2.prefab,Assets/ItemSources/Low_Poly_Basic_Items_Pack_Household_Items/Kabungus/HouseholdItems/Prefabs/SledgeHammer2.prefab,Low Poly Basic Items Pack - Household Items
tools_4f0817e5c1,공구·작업용품,줄자,0.063 × 0.097 × 0.137,0.063 × 0.097 × 0.137,1.0,,Assets/_Game/Content/ItemCollection/Prefabs/tools/tools_4f0817e5c1.prefab,Assets/ItemSources/Low_Poly_Basic_Items_Pack_Household_Items/Kabungus/HouseholdItems/Prefabs/TapeMeasurer.prefab,Low Poly Basic Items Pack - Household Items
tools_253b2ea48f,공구·작업용품,공구함 Blue,0.697 × 0.403 × 0.380,0.427 × 0.247 × 0.233,0.6132529973983765,색상 변형 (종류 수 중복 제외),Assets/_Game/Content/ItemCollection/Prefabs/tools/tools_253b2ea48f.prefab,Assets/ItemSources/Low_Poly_Basic_Items_Pack_Household_Items/Kabungus/HouseholdItems/Prefabs/ToolboxBlue.prefab,Low Poly Basic Items Pack - Household Items
tools_fc25ea3696,공구·작업용품,공구함 Red,0.697 × 0.403 × 0.380,0.427 × 0.247 × 0.233,0.6132529973983765,색상 변형 (종류 수 중복 제외),Assets/_Game/Content/ItemCollection/Prefabs/tools/tools_fc25ea3696.prefab,Assets/ItemSources/Low_Poly_Basic_Items_Pack_Household_Items/Kabungus/HouseholdItems/Prefabs/ToolboxRed.prefab,Low Poly Basic Items Pack - Household Items
tools_0ca8883125,공구·작업용품,렌치,0.078 × 0.296 × 0.025,0.078 × 0.296 × 0.025,1.0,,Assets/_Game/Content/ItemCollection/Prefabs/tools/tools_0ca8883125.prefab,Assets/ItemSources/Low_Poly_Basic_Items_Pack_Household_Items/Kabungus/HouseholdItems/Prefabs/Wrench.prefab,Low Poly Basic Items Pack - Household Items
tools_7dcd378b87,공구·작업용품,도끼 001,0.100 × 1.149 × 0.480,0.082 × 0.941 × 0.393,0.8185518980026245,손도끼 형태 변형,Assets/_Game/Content/ItemCollection/Prefabs/tools/tools_7dcd378b87.prefab,Assets/ItemSources/Weapons_FREE_Low_Poly_3D_Models_Pack/ithappy/Weapons_FREE/Prefabs/axe_001.prefab,Weapons FREE - Low Poly 3D Models Pack
tools_5d179b2acd,공구·작업용품,창고 가스통,0.380 × 0.725 × 0.384,0.380 × 0.725 × 0.384,1.0,기존 프로젝트 에셋으로 보충,Assets/_Game/Content/ItemCollection/Prefabs/tools/tools_5d179b2acd.prefab,Assets/PolyWorkshop_BasementWorkshop/Props/Prefabs/Basement_GasCylinder.prefab,Existing Basement Workshop
tools_eecfe50494,공구·작업용품,창고 사다리,0.889 × 1.621 × 0.403,0.427 × 0.779 × 0.194,0.48062998056411743,기존 프로젝트 에셋으로 보충,Assets/_Game/Content/ItemCollection/Prefabs/tools/tools_eecfe50494.prefab,Assets/PolyWorkshop_BasementWorkshop/Props/Prefabs/Basement_Ladder.prefab,Existing Basement Workshop
tools_8de0a3247c,공구·작업용품,창고 작업용콘,0.407 × 0.601 × 0.407,0.393 × 0.580 × 0.393,0.9651329517364502,기존 프로젝트 에셋으로 보충,Assets/_Game/Content/ItemCollection/Prefabs/tools/tools_8de0a3247c.prefab,Assets/PolyWorkshop_BasementWorkshop/Props/Prefabs/Basement_RoadCone.prefab,Existing Basement Workshop
tools_131b4ebce3,공구·작업용품,창고 전동드릴,0.106 × 0.319 × 0.325,0.106 × 0.319 × 0.325,1.0,기존 프로젝트 에셋으로 보충,Assets/_Game/Content/ItemCollection/Prefabs/tools/tools_131b4ebce3.prefab,Assets/PolyWorkshop_BasementWorkshop/Props/Prefabs/Basement_Tools_CordlessDrill.prefab,Existing Basement Workshop
tools_188ff786c3,공구·작업용품,창고 손전등,0.191 × 0.218 × 0.259,0.191 × 0.218 × 0.259,1.0,기존 프로젝트 에셋으로 보충,Assets/_Game/Content/ItemCollection/Prefabs/tools/tools_188ff786c3.prefab,Assets/PolyWorkshop_BasementWorkshop/Props/Prefabs/Basement_Tools_Flashlight.prefab,Existing Basement Workshop
tools_844d145285,공구·작업용품,창고 망치,0.163 × 0.033 × 0.294,0.163 × 0.033 × 0.294,1.0,기존 프로젝트 에셋으로 보충,Assets/_Game/Content/ItemCollection/Prefabs/tools/tools_844d145285.prefab,Assets/PolyWorkshop_BasementWorkshop/Props/Prefabs/Basement_Tools_Hammer.prefab,Existing Basement Workshop
tools_399eb85820,공구·작업용품,창고 줄자,0.066 × 0.129 × 0.345,0.066 × 0.129 × 0.345,1.0,기존 프로젝트 에셋으로 보충,Assets/_Game/Content/ItemCollection/Prefabs/tools/tools_399eb85820.prefab,Assets/PolyWorkshop_BasementWorkshop/Props/Prefabs/Basement_Tools_MeasuringTape.prefab,Existing Basement Workshop
tools_f09c25645e,공구·작업용품,창고 나사,0.105 × 0.044 × 0.044,0.105 × 0.044 × 0.044,1.0,기존 프로젝트 에셋으로 보충,Assets/_Game/Content/ItemCollection/Prefabs/tools/tools_f09c25645e.prefab,Assets/PolyWorkshop_BasementWorkshop/Props/Prefabs/Basement_Tools_Screw.prefab,Existing Basement Workshop
tools_4075fdcb18,공구·작업용품,창고 수평계,0.046 × 0.105 × 1.160,0.016 × 0.036 × 0.393,0.3388911187648773,기존 프로젝트 에셋으로 보충,Assets/_Game/Content/ItemCollection/Prefabs/tools/tools_4075fdcb18.prefab,Assets/PolyWorkshop_BasementWorkshop/Props/Prefabs/Basement_Tools_SpiritLevel.prefab,Existing Basement Workshop
tools_5564f300dd,공구·작업용품,창고 바이스,0.518 × 0.227 × 0.281,0.427 × 0.187 × 0.232,0.8239715695381165,기존 프로젝트 에셋으로 보충,Assets/_Game/Content/ItemCollection/Prefabs/tools/tools_5564f300dd.prefab,Assets/PolyWorkshop_BasementWorkshop/Props/Prefabs/Basement_Tools_Vise.prefab,Existing Basement Workshop
tools_e85e1d16cc,공구·작업용품,창고 십자렌치,0.509 × 0.049 × 0.509,0.393 × 0.038 × 0.393,0.7722743153572083,기존 프로젝트 에셋으로 보충,Assets/_Game/Content/ItemCollection/Prefabs/tools/tools_e85e1d16cc.prefab,Assets/PolyWorkshop_BasementWorkshop/Props/Prefabs/Basement_Tools_WheelWrench.prefab,Existing Basement Workshop
tools_5a3d27dd28,공구·작업용품,창고 렌치 A,0.077 × 0.040 × 0.381,0.077 × 0.040 × 0.381,1.0,기존 프로젝트 에셋으로 보충,Assets/_Game/Content/ItemCollection/Prefabs/tools/tools_5a3d27dd28.prefab,Assets/PolyWorkshop_BasementWorkshop/Props/Prefabs/Basement_Tools_Wrench1.prefab,Existing Basement Workshop
tools_45efaa7726,공구·작업용품,창고 렌치 B,0.110 × 0.031 × 0.366,0.110 × 0.031 × 0.366,1.0,기존 프로젝트 에셋으로 보충,Assets/_Game/Content/ItemCollection/Prefabs/tools/tools_45efaa7726.prefab,Assets/PolyWorkshop_BasementWorkshop/Props/Prefabs/Basement_Tools_Wrench2.prefab,Existing Basement Workshop
modern_969620d623,총기·폭발물,AK74소총,0.053 × 0.233 × 0.771,0.027 × 0.119 × 0.393,0.5099396109580994,원본 팩의 메시·텍스처 참조를 제공된 FBX·팔레트로 복구,Assets/_Game/Content/ItemCollection/Prefabs/modern/modern_969620d623.prefab,Assets/ItemSources/Low_Poly_Weapons_VOL1/Low Poly Weapons VOL.1/Prefabs/AK74.prefab,Low Poly Weapons VOL1
modern_4bb57ddef1,총기·폭발물,베넬리산탄총,0.055 × 0.192 × 0.977,0.022 × 0.077 × 0.393,0.40245622396469116,원본 팩의 메시·텍스처 참조를 제공된 FBX·팔레트로 복구,Assets/_Game/Content/ItemCollection/Prefabs/modern/modern_4bb57ddef1.prefab,Assets/ItemSources/Low_Poly_Weapons_VOL1/Low Poly Weapons VOL.1/Prefabs/Bennelli_M4.prefab,Low Poly Weapons VOL1
modern_ad842eeddd,총기·폭발물,섬광탄,0.041 × 0.126 × 0.045,0.041 × 0.126 × 0.045,1.0,원본 팩의 메시·텍스처 참조를 제공된 FBX·팔레트로 복구,Assets/_Game/Content/ItemCollection/Prefabs/modern/modern_ad842eeddd.prefab,Assets/ItemSources/Low_Poly_Weapons_VOL1/Low Poly Weapons VOL.1/Prefabs/Flash.prefab,Low Poly Weapons VOL1
modern_4eea518a96,총기·폭발물,M107저격소총,0.087 × 0.215 × 1.235,0.028 × 0.068 × 0.393,0.31817626953125,원본 팩의 메시·텍스처 참조를 제공된 FBX·팔레트로 복구,Assets/_Game/Content/ItemCollection/Prefabs/modern/modern_4eea518a96.prefab,Assets/ItemSources/Low_Poly_Weapons_VOL1/Low Poly Weapons VOL.1/Prefabs/M107.prefab,Low Poly Weapons VOL1
modern_a76908d6f9,총기·폭발물,M1911권총,0.030 × 0.157 × 0.248,0.030 × 0.157 × 0.248,1.0,원본 팩의 메시·텍스처 참조를 제공된 FBX·팔레트로 복구,Assets/_Game/Content/ItemCollection/Prefabs/modern/modern_a76908d6f9.prefab,Assets/ItemSources/Low_Poly_Weapons_VOL1/Low Poly Weapons VOL.1/Prefabs/M1911.prefab,Low Poly Weapons VOL1
modern_16835a8a57,총기·폭발물,M2중기관총,0.981 × 0.542 × 1.887,0.204 × 0.113 × 0.393,0.20822587609291077,원본 팩의 메시·텍스처 참조를 제공된 FBX·팔레트로 복구,Assets/_Game/Content/ItemCollection/Prefabs/modern/modern_16835a8a57.prefab,Assets/ItemSources/Low_Poly_Weapons_VOL1/Low Poly Weapons VOL.1/Prefabs/M2_50cal.prefab,Low Poly Weapons VOL1
modern_672ff7d186,총기·폭발물,M249기관총,0.145 × 0.226 × 0.862,0.066 × 0.103 × 0.393,0.45617616176605225,원본 팩의 메시·텍스처 참조를 제공된 FBX·팔레트로 복구,Assets/_Game/Content/ItemCollection/Prefabs/modern/modern_672ff7d186.prefab,Assets/ItemSources/Low_Poly_Weapons_VOL1/Low Poly Weapons VOL.1/Prefabs/M249.prefab,Low Poly Weapons VOL1
modern_9a0ba0157e,총기·폭발물,M4소총,0.060 × 0.237 × 0.724,0.032 × 0.129 × 0.393,0.5431415438652039,원본 팩의 메시·텍스처 참조를 제공된 FBX·팔레트로 복구,Assets/_Game/Content/ItemCollection/Prefabs/modern/modern_9a0ba0157e.prefab,Assets/ItemSources/Low_Poly_Weapons_VOL1/Low Poly Weapons VOL.1/Prefabs/M4_8.prefab,Low Poly Weapons VOL1
modern_f773aba979,총기·폭발물,수류탄,0.071 × 0.157 × 0.078,0.071 × 0.157 × 0.078,1.0,원본 팩의 메시·텍스처 참조를 제공된 FBX·팔레트로 복구,Assets/_Game/Content/ItemCollection/Prefabs/modern/modern_f773aba979.prefab,Assets/ItemSources/Low_Poly_Weapons_VOL1/Low Poly Weapons VOL.1/Prefabs/RGD-5.prefab,Low Poly Weapons VOL1
modern_0c83c31a83,총기·폭발물,RPG7발사기,0.138 × 0.301 × 1.511,0.036 × 0.078 × 0.393,0.26012158393859863,원본 팩의 메시·텍스처 참조를 제공된 FBX·팔레트로 복구,Assets/_Game/Content/ItemCollection/Prefabs/modern/modern_0c83c31a83.prefab,Assets/ItemSources/Low_Poly_Weapons_VOL1/Low Poly Weapons VOL.1/Prefabs/RPG7.prefab,Low Poly Weapons VOL1
modern_5acb2a9c18,총기·폭발물,연막탄,0.076 × 0.153 × 0.083,0.076 × 0.153 × 0.083,1.0,원본 팩의 메시·텍스처 참조를 제공된 FBX·팔레트로 복구,Assets/_Game/Content/ItemCollection/Prefabs/modern/modern_5acb2a9c18.prefab,Assets/ItemSources/Low_Poly_Weapons_VOL1/Low Poly Weapons VOL.1/Prefabs/Smoke.prefab,Low Poly Weapons VOL1
modern_96e377ec33,총기·폭발물,우지,0.036 × 0.214 × 0.382,0.036 × 0.214 × 0.382,1.0,원본 팩의 메시·텍스처 참조를 제공된 FBX·팔레트로 복구,Assets/_Game/Content/ItemCollection/Prefabs/modern/modern_96e377ec33.prefab,Assets/ItemSources/Low_Poly_Weapons_VOL1/Low Poly Weapons VOL.1/Prefabs/Uzi.prefab,Low Poly Weapons VOL1
modern_dc7338cb5d,총기·폭발물,권총 001,0.094 × 0.324 × 0.575,0.064 × 0.221 × 0.393,0.6833808422088623,,Assets/_Game/Content/ItemCollection/Prefabs/modern/modern_dc7338cb5d.prefab,Assets/ItemSources/Weapons_FREE_Low_Poly_3D_Models_Pack/ithappy/Weapons_FREE/Prefabs/pistol_001.prefab,Weapons FREE - Low Poly 3D Models Pack
modern_74572948e5,총기·폭발물,소총 001,0.136 × 0.506 × 1.757,0.030 × 0.113 × 0.393,0.22374151647090912,,Assets/_Game/Content/ItemCollection/Prefabs/modern/modern_74572948e5.prefab,Assets/ItemSources/Weapons_FREE_Low_Poly_3D_Models_Pack/ithappy/Weapons_FREE/Prefabs/rifle_001.prefab,Weapons FREE - Low Poly 3D Models Pack
modern_d344dc8e33,총기·폭발물,산탄총 001,0.132 × 0.388 × 1.731,0.030 × 0.088 × 0.393,0.22699293494224548,,Assets/_Game/Content/ItemCollection/Prefabs/modern/modern_d344dc8e33.prefab,Assets/ItemSources/Weapons_FREE_Low_Poly_3D_Models_Pack/ithappy/Weapons_FREE/Prefabs/shotgun_001.prefab,Weapons FREE - Low Poly 3D Models Pack
modern_fbeb02ff88,총기·폭발물,저격소총 001,0.214 × 0.441 × 1.813,0.046 × 0.096 × 0.393,0.21675385534763336,,Assets/_Game/Content/ItemCollection/Prefabs/modern/modern_fbeb02ff88.prefab,Assets/ItemSources/Weapons_FREE_Low_Poly_3D_Models_Pack/ithappy/Weapons_FREE/Prefabs/sniper_rifle_001.prefab,Weapons FREE - Low Poly 3D Models Pack
fantasy_c36f9f66f8,판타지 소품,한손도끼 1,0.501 × 1.189 × 0.067,0.427 × 1.015 × 0.057,0.8533205389976501,,Assets/_Game/Content/ItemCollection/Prefabs/fantasy/fantasy_c36f9f66f8.prefab,Assets/ItemSources/3D_FREE_Low_Poly_Fantasy_Axes_Pack/Waycore Studio/Low Poly Fantasy Weapons/Axes/Prefabs/one_handed_axe_1.prefab,3D FREE Low Poly Fantasy Axes Pack
fantasy_500e50e599,판타지 소품,한손도끼 2,0.521 × 0.979 × 0.075,0.427 × 0.802 × 0.061,0.8192888498306274,,Assets/_Game/Content/ItemCollection/Prefabs/fantasy/fantasy_500e50e599.prefab,Assets/ItemSources/3D_FREE_Low_Poly_Fantasy_Axes_Pack/Waycore Studio/Low Poly Fantasy Weapons/Axes/Prefabs/one_handed_axe_2.prefab,3D FREE Low Poly Fantasy Axes Pack
fantasy_9a26be1fb6,판타지 소품,한손도끼 3,0.426 × 1.198 × 0.096,0.385 × 1.085 × 0.087,0.9053564667701721,,Assets/_Game/Content/ItemCollection/Prefabs/fantasy/fantasy_9a26be1fb6.prefab,Assets/ItemSources/3D_FREE_Low_Poly_Fantasy_Axes_Pack/Waycore Studio/Low Poly Fantasy Weapons/Axes/Prefabs/one_handed_axe_3.prefab,3D FREE Low Poly Fantasy Axes Pack
fantasy_16a85a9c30,판타지 소품,한손도끼 4,0.565 × 1.118 × 0.091,0.427 × 0.846 × 0.069,0.7559740543365479,,Assets/_Game/Content/ItemCollection/Prefabs/fantasy/fantasy_16a85a9c30.prefab,Assets/ItemSources/3D_FREE_Low_Poly_Fantasy_Axes_Pack/Waycore Studio/Low Poly Fantasy Weapons/Axes/Prefabs/one_handed_axe_4.prefab,3D FREE Low Poly Fantasy Axes Pack
fantasy_1bbb34092f,판타지 소품,한손도끼 5,0.573 × 1.107 × 0.126,0.427 × 0.825 × 0.094,0.7450469136238098,,Assets/_Game/Content/ItemCollection/Prefabs/fantasy/fantasy_1bbb34092f.prefab,Assets/ItemSources/3D_FREE_Low_Poly_Fantasy_Axes_Pack/Waycore Studio/Low Poly Fantasy Weapons/Axes/Prefabs/one_handed_axe_5.prefab,3D FREE Low Poly Fantasy Axes Pack
fantasy_caf80a4812,판타지 소품,한손도끼 6,0.656 × 1.144 × 0.096,0.427 × 0.745 × 0.062,0.6515874266624451,,Assets/_Game/Content/ItemCollection/Prefabs/fantasy/fantasy_caf80a4812.prefab,Assets/ItemSources/3D_FREE_Low_Poly_Fantasy_Axes_Pack/Waycore Studio/Low Poly Fantasy Weapons/Axes/Prefabs/one_handed_axe_6.prefab,3D FREE Low Poly Fantasy Axes Pack
fantasy_4c3fe83aff,판타지 소품,한손도끼 7,0.660 × 1.342 × 0.096,0.427 × 0.869 × 0.062,0.6473243236541748,,Assets/_Game/Content/ItemCollection/Prefabs/fantasy/fantasy_4c3fe83aff.prefab,Assets/ItemSources/3D_FREE_Low_Poly_Fantasy_Axes_Pack/Waycore Studio/Low Poly Fantasy Weapons/Axes/Prefabs/one_handed_axe_7.prefab,3D FREE Low Poly Fantasy Axes Pack
fantasy_60fa2ab371,판타지 소품,한손도끼 8,0.649 × 1.304 × 0.081,0.427 × 0.859 × 0.053,0.6586043834686279,,Assets/_Game/Content/ItemCollection/Prefabs/fantasy/fantasy_60fa2ab371.prefab,Assets/ItemSources/3D_FREE_Low_Poly_Fantasy_Axes_Pack/Waycore Studio/Low Poly Fantasy Weapons/Axes/Prefabs/one_handed_axe_8.prefab,3D FREE Low Poly Fantasy Axes Pack
fantasy_56cceccaf0,판타지 소품,양손도끼 1,0.707 × 1.889 × 0.074,0.406 × 1.085 × 0.042,0.5741691589355469,,Assets/_Game/Content/ItemCollection/Prefabs/fantasy/fantasy_56cceccaf0.prefab,Assets/ItemSources/3D_FREE_Low_Poly_Fantasy_Axes_Pack/Waycore Studio/Low Poly Fantasy Weapons/Axes/Prefabs/two_handed_axe_1.prefab,3D FREE Low Poly Fantasy Axes Pack
fantasy_1a92d6be85,판타지 소품,양손도끼 2,0.456 × 1.973 × 0.090,0.251 × 1.085 × 0.049,0.549808144569397,,Assets/_Game/Content/ItemCollection/Prefabs/fantasy/fantasy_1a92d6be85.prefab,Assets/ItemSources/3D_FREE_Low_Poly_Fantasy_Axes_Pack/Waycore Studio/Low Poly Fantasy Weapons/Axes/Prefabs/two_handed_axe_2.prefab,3D FREE Low Poly Fantasy Axes Pack
fantasy_492b55642f,판타지 소품,양손도끼 3,0.661 × 1.980 × 0.088,0.362 × 1.085 × 0.048,0.5478481650352478,,Assets/_Game/Content/ItemCollection/Prefabs/fantasy/fantasy_492b55642f.prefab,Assets/ItemSources/3D_FREE_Low_Poly_Fantasy_Axes_Pack/Waycore Studio/Low Poly Fantasy Weapons/Axes/Prefabs/two_handed_axe_3.prefab,3D FREE Low Poly Fantasy Axes Pack
fantasy_1f25b7b7ff,판타지 소품,양손도끼 4,0.722 × 1.993 × 0.066,0.393 × 1.085 × 0.036,0.5442943572998047,,Assets/_Game/Content/ItemCollection/Prefabs/fantasy/fantasy_1f25b7b7ff.prefab,Assets/ItemSources/3D_FREE_Low_Poly_Fantasy_Axes_Pack/Waycore Studio/Low Poly Fantasy Weapons/Axes/Prefabs/two_handed_axe_4.prefab,3D FREE Low Poly Fantasy Axes Pack
fantasy_bc56f156e4,판타지 소품,양손도끼 5,0.737 × 1.957 × 0.061,0.409 × 1.085 × 0.034,0.5543532967567444,,Assets/_Game/Content/ItemCollection/Prefabs/fantasy/fantasy_bc56f156e4.prefab,Assets/ItemSources/3D_FREE_Low_Poly_Fantasy_Axes_Pack/Waycore Studio/Low Poly Fantasy Weapons/Axes/Prefabs/two_handed_axe_5.prefab,3D FREE Low Poly Fantasy Axes Pack
fantasy_1ef9ea1178,판타지 소품,양손도끼 6,0.641 × 2.009 × 0.057,0.346 × 1.085 × 0.031,0.5399410128593445,,Assets/_Game/Content/ItemCollection/Prefabs/fantasy/fantasy_1ef9ea1178.prefab,Assets/ItemSources/3D_FREE_Low_Poly_Fantasy_Axes_Pack/Waycore Studio/Low Poly Fantasy Weapons/Axes/Prefabs/two_handed_axe_6.prefab,3D FREE Low Poly Fantasy Axes Pack
fantasy_c1c4723045,판타지 소품,양손도끼 7,0.568 × 2.007 × 0.136,0.307 × 1.085 × 0.074,0.540610134601593,,Assets/_Game/Content/ItemCollection/Prefabs/fantasy/fantasy_c1c4723045.prefab,Assets/ItemSources/3D_FREE_Low_Poly_Fantasy_Axes_Pack/Waycore Studio/Low Poly Fantasy Weapons/Axes/Prefabs/two_handed_axe_7.prefab,3D FREE Low Poly Fantasy Axes Pack
fantasy_0e0ace58ea,판타지 소품,양손도끼 8,0.797 × 1.968 × 0.132,0.427 × 1.054 × 0.071,0.5356712937355042,,Assets/_Game/Content/ItemCollection/Prefabs/fantasy/fantasy_0e0ace58ea.prefab,Assets/ItemSources/3D_FREE_Low_Poly_Fantasy_Axes_Pack/Waycore Studio/Low Poly Fantasy Weapons/Axes/Prefabs/two_handed_axe_8.prefab,3D FREE Low Poly Fantasy Axes Pack
fantasy_89cc8b93b8,판타지 소품,한손검 1,0.300 × 1.385 × 0.105,0.235 × 1.085 × 0.082,0.7834650874137878,,Assets/_Game/Content/ItemCollection/Prefabs/fantasy/fantasy_89cc8b93b8.prefab,Assets/ItemSources/3D_Low_Poly_Fantasy_Swords_Pack/Waycore Studio/Low Poly Fantasy Weapons/Swords/Prefabs/one_handed_sword_1.prefab,3D Low Poly Fantasy Swords Pack
fantasy_e182a557d1,판타지 소품,한손검 2,0.348 × 1.309 × 0.047,0.289 × 1.085 × 0.039,0.8289558291435242,,Assets/_Game/Content/ItemCollection/Prefabs/fantasy/fantasy_e182a557d1.prefab,Assets/ItemSources/3D_Low_Poly_Fantasy_Swords_Pack/Waycore Studio/Low Poly Fantasy Weapons/Swords/Prefabs/one_handed_sword_2.prefab,3D Low Poly Fantasy Swords Pack
fantasy_27d3fe5e2f,판타지 소품,한손검 3,0.277 × 1.277 × 0.032,0.235 × 1.085 × 0.027,0.849337637424469,,Assets/_Game/Content/ItemCollection/Prefabs/fantasy/fantasy_27d3fe5e2f.prefab,Assets/ItemSources/3D_Low_Poly_Fantasy_Swords_Pack/Waycore Studio/Low Poly Fantasy Weapons/Swords/Prefabs/one_handed_sword_3.prefab,3D Low Poly Fantasy Swords Pack
fantasy_7b9d9177ed,판타지 소품,한손검 4,0.293 × 1.463 × 0.100,0.217 × 1.085 × 0.074,0.7416301965713501,,Assets/_Game/Content/ItemCollection/Prefabs/fantasy/fantasy_7b9d9177ed.prefab,Assets/ItemSources/3D_Low_Poly_Fantasy_Swords_Pack/Waycore Studio/Low Poly Fantasy Weapons/Swords/Prefabs/one_handed_sword_4.prefab,3D Low Poly Fantasy Swords Pack
fantasy_18485369b0,판타지 소품,한손검 5,0.258 × 1.312 × 0.068,0.213 × 1.085 × 0.057,0.8268320560455322,,Assets/_Game/Content/ItemCollection/Prefabs/fantasy/fantasy_18485369b0.prefab,Assets/ItemSources/3D_Low_Poly_Fantasy_Swords_Pack/Waycore Studio/Low Poly Fantasy Weapons/Swords/Prefabs/one_handed_sword_5.prefab,3D Low Poly Fantasy Swords Pack
fantasy_e0aaa860b7,판타지 소품,한손검 6,0.250 × 1.233 × 0.057,0.220 × 1.085 × 0.050,0.879716157913208,,Assets/_Game/Content/ItemCollection/Prefabs/fantasy/fantasy_e0aaa860b7.prefab,Assets/ItemSources/3D_Low_Poly_Fantasy_Swords_Pack/Waycore Studio/Low Poly Fantasy Weapons/Swords/Prefabs/one_handed_sword_6.prefab,3D Low Poly Fantasy Swords Pack
fantasy_9c39ebe8e3,판타지 소품,한손검 7,0.306 × 1.279 × 0.062,0.259 × 1.085 × 0.053,0.8478661775588989,,Assets/_Game/Content/ItemCollection/Prefabs/fantasy/fantasy_9c39ebe8e3.prefab,Assets/ItemSources/3D_Low_Poly_Fantasy_Swords_Pack/Waycore Studio/Low Poly Fantasy Weapons/Swords/Prefabs/one_handed_sword_7.prefab,3D Low Poly Fantasy Swords Pack
fantasy_106f295e7d,판타지 소품,한손검 8,0.197 × 1.596 × 0.068,0.134 × 1.085 × 0.046,0.6794930100440979,,Assets/_Game/Content/ItemCollection/Prefabs/fantasy/fantasy_106f295e7d.prefab,Assets/ItemSources/3D_Low_Poly_Fantasy_Swords_Pack/Waycore Studio/Low Poly Fantasy Weapons/Swords/Prefabs/one_handed_sword_8.prefab,3D Low Poly Fantasy Swords Pack
fantasy_fc984bb738,판타지 소품,한손검 9,0.309 × 1.319 × 0.072,0.254 × 1.085 × 0.059,0.8221272230148315,,Assets/_Game/Content/ItemCollection/Prefabs/fantasy/fantasy_fc984bb738.prefab,Assets/ItemSources/3D_Low_Poly_Fantasy_Swords_Pack/Waycore Studio/Low Poly Fantasy Weapons/Swords/Prefabs/one_handed_sword_9.prefab,3D Low Poly Fantasy Swords Pack
fantasy_d36fc3d4c0,판타지 소품,양손검 1,0.477 × 1.821 × 0.119,0.284 × 1.085 × 0.071,0.5956751108169556,,Assets/_Game/Content/ItemCollection/Prefabs/fantasy/fantasy_d36fc3d4c0.prefab,Assets/ItemSources/3D_Low_Poly_Fantasy_Swords_Pack/Waycore Studio/Low Poly Fantasy Weapons/Swords/Prefabs/two_handed_sword_1.prefab,3D Low Poly Fantasy Swords Pack
fantasy_e43c0c49b1,판타지 소품,양손검 2,0.382 × 1.763 × 0.067,0.235 × 1.085 × 0.041,0.6152971386909485,,Assets/_Game/Content/ItemCollection/Prefabs/fantasy/fantasy_e43c0c49b1.prefab,Assets/ItemSources/3D_Low_Poly_Fantasy_Swords_Pack/Waycore Studio/Low Poly Fantasy Weapons/Swords/Prefabs/two_handed_sword_2.prefab,3D Low Poly Fantasy Swords Pack
fantasy_22c0772553,판타지 소품,양손검 3,0.315 × 1.822 × 0.099,0.188 × 1.085 × 0.059,0.5953779816627502,,Assets/_Game/Content/ItemCollection/Prefabs/fantasy/fantasy_22c0772553.prefab,Assets/ItemSources/3D_Low_Poly_Fantasy_Swords_Pack/Waycore Studio/Low Poly Fantasy Weapons/Swords/Prefabs/two_handed_sword_3.prefab,3D Low Poly Fantasy Swords Pack
fantasy_d70f3bafb0,판타지 소품,양손검 4,0.459 × 1.867 × 0.091,0.267 × 1.085 × 0.053,0.5811110734939575,,Assets/_Game/Content/ItemCollection/Prefabs/fantasy/fantasy_d70f3bafb0.prefab,Assets/ItemSources/3D_Low_Poly_Fantasy_Swords_Pack/Waycore Studio/Low Poly Fantasy Weapons/Swords/Prefabs/two_handed_sword_4.prefab,3D Low Poly Fantasy Swords Pack
fantasy_609698d78a,판타지 소품,양손검 5,0.477 × 1.821 × 0.075,0.284 × 1.085 × 0.045,0.5956751108169556,,Assets/_Game/Content/ItemCollection/Prefabs/fantasy/fantasy_609698d78a.prefab,Assets/ItemSources/3D_Low_Poly_Fantasy_Swords_Pack/Waycore Studio/Low Poly Fantasy Weapons/Swords/Prefabs/two_handed_sword_5.prefab,3D Low Poly Fantasy Swords Pack
fantasy_b3de1a813d,판타지 소품,화살 01-001,0.039 × 0.829 × 0.039,0.039 × 0.829 × 0.039,1.0,,Assets/_Game/Content/ItemCollection/Prefabs/fantasy/fantasy_b3de1a813d.prefab,Assets/ItemSources/Free_Low_Poly_Fantasy_RPG_Weapons/PurePoly/Free Fantasy RPG Weapons/Prefabs/PP_Theme_01_Arrow_001.prefab,Free Low Poly Fantasy RPG Weapons
fantasy_dbef16a451,판타지 소품,도끼 01-002,0.564 × 1.914 × 0.066,0.320 × 1.085 × 0.038,0.5667283535003662,,Assets/_Game/Content/ItemCollection/Prefabs/fantasy/fantasy_dbef16a451.prefab,Assets/ItemSources/Free_Low_Poly_Fantasy_RPG_Weapons/PurePoly/Free Fantasy RPG Weapons/Prefabs/PP_Theme_01_Axe_Two_Handed_002.prefab,Free Low Poly Fantasy RPG Weapons
fantasy_e5aecbc0f1,판타지 소품,화살통 01-001,0.165 × 0.674 × 0.191,0.165 × 0.674 × 0.191,1.0,,Assets/_Game/Content/ItemCollection/Prefabs/fantasy/fantasy_e5aecbc0f1.prefab,Assets/ItemSources/Free_Low_Poly_Fantasy_RPG_Weapons/PurePoly/Free Fantasy RPG Weapons/Prefabs/PP_Theme_01_Quiver_001.prefab,Free Low Poly Fantasy RPG Weapons
fantasy_715cd84aaa,판타지 소품,방패 01-005,0.698 × 1.121 × 0.185,0.427 × 0.686 × 0.113,0.6119207143783569,,Assets/_Game/Content/ItemCollection/Prefabs/fantasy/fantasy_715cd84aaa.prefab,Assets/ItemSources/Free_Low_Poly_Fantasy_RPG_Weapons/PurePoly/Free Fantasy RPG Weapons/Prefabs/PP_Theme_01_Shield_005.prefab,Free Low Poly Fantasy RPG Weapons
fantasy_e48cecf0e1,판타지 소품,활 02-001,0.402 × 1.565 × 0.112,0.279 × 1.085 × 0.077,0.6931260824203491,,Assets/_Game/Content/ItemCollection/Prefabs/fantasy/fantasy_e48cecf0e1.prefab,Assets/ItemSources/Free_Low_Poly_Fantasy_RPG_Weapons/PurePoly/Free Fantasy RPG Weapons/Prefabs/PP_Theme_02_Bow_001.prefab,Free Low Poly Fantasy RPG Weapons
fantasy_cad452f78d,판타지 소품,주먹무기 02-001,0.172 × 0.161 × 0.063,0.172 × 0.161 × 0.063,1.0,,Assets/_Game/Content/ItemCollection/Prefabs/fantasy/fantasy_cad452f78d.prefab,Assets/ItemSources/Free_Low_Poly_Fantasy_RPG_Weapons/PurePoly/Free Fantasy RPG Weapons/Prefabs/PP_Theme_02_Fist_Weapon_001.prefab,Free Low Poly Fantasy RPG Weapons
fantasy_f27c604345,판타지 소품,폭탄 03-003,0.096 × 0.175 × 0.096,0.096 × 0.175 × 0.096,1.0,,Assets/_Game/Content/ItemCollection/Prefabs/fantasy/fantasy_f27c604345.prefab,Assets/ItemSources/Free_Low_Poly_Fantasy_RPG_Weapons/PurePoly/Free Fantasy RPG Weapons/Prefabs/PP_Theme_03_Bomb_003.prefab,Free Low Poly Fantasy RPG Weapons
fantasy_1efa61df2b,판타지 소품,망치 03-001,0.350 × 1.012 × 0.247,0.350 × 1.012 × 0.247,1.0,,Assets/_Game/Content/ItemCollection/Prefabs/fantasy/fantasy_1efa61df2b.prefab,Assets/ItemSources/Free_Low_Poly_Fantasy_RPG_Weapons/PurePoly/Free Fantasy RPG Weapons/Prefabs/PP_Theme_03_Hammer_001.prefab,Free Low Poly Fantasy RPG Weapons
fantasy_881a756d19,판타지 소품,낫 04-001,0.809 × 1.968 × 0.095,0.427 × 1.039 × 0.050,0.5281151533126831,,Assets/_Game/Content/ItemCollection/Prefabs/fantasy/fantasy_881a756d19.prefab,Assets/ItemSources/Free_Low_Poly_Fantasy_RPG_Weapons/PurePoly/Free Fantasy RPG Weapons/Prefabs/PP_Theme_04_Scythe_001.prefab,Free Low Poly Fantasy RPG Weapons
fantasy_e4bc3f1238,판타지 소품,마법책 04-003,0.264 × 0.350 × 0.122,0.264 × 0.350 × 0.122,1.0,,Assets/_Game/Content/ItemCollection/Prefabs/fantasy/fantasy_e4bc3f1238.prefab,Assets/ItemSources/Free_Low_Poly_Fantasy_RPG_Weapons/PurePoly/Free Fantasy RPG Weapons/Prefabs/PP_Theme_04_Spellbook_003.prefab,Free Low Poly Fantasy RPG Weapons
fantasy_e1d61e71a8,판타지 소품,차크람 05-001,0.374 × 0.404 × 0.036,0.374 × 0.404 × 0.036,1.0,,Assets/_Game/Content/ItemCollection/Prefabs/fantasy/fantasy_e1d61e71a8.prefab,Assets/ItemSources/Free_Low_Poly_Fantasy_RPG_Weapons/PurePoly/Free Fantasy RPG Weapons/Prefabs/PP_Theme_05_Chakram_001.prefab,Free Low Poly Fantasy RPG Weapons
fantasy_aa44de01b3,판타지 소품,다이너마이트 05-003,0.055 × 0.257 × 0.040,0.055 × 0.257 × 0.040,1.0,,Assets/_Game/Content/ItemCollection/Prefabs/fantasy/fantasy_aa44de01b3.prefab,Assets/ItemSources/Free_Low_Poly_Fantasy_RPG_Weapons/PurePoly/Free Fantasy RPG Weapons/Prefabs/PP_Theme_05_Dynamite_003.prefab,Free Low Poly Fantasy RPG Weapons
fantasy_ec3f472d7d,판타지 소품,물약 06-002,0.155 × 0.356 × 0.153,0.155 × 0.356 × 0.153,1.0,,Assets/_Game/Content/ItemCollection/Prefabs/fantasy/fantasy_ec3f472d7d.prefab,Assets/ItemSources/Free_Low_Poly_Fantasy_RPG_Weapons/PurePoly/Free Fantasy RPG Weapons/Prefabs/PP_Theme_06_Potion_002.prefab,Free Low Poly Fantasy RPG Weapons
fantasy_116f27522b,판타지 소품,방패 06-002,0.731 × 0.983 × 0.164,0.427 × 0.574 × 0.096,0.5840587615966797,,Assets/_Game/Content/ItemCollection/Prefabs/fantasy/fantasy_116f27522b.prefab,Assets/ItemSources/Free_Low_Poly_Fantasy_RPG_Weapons/PurePoly/Free Fantasy RPG Weapons/Prefabs/PP_Theme_06_Shield_002.prefab,Free Low Poly Fantasy RPG Weapons
fantasy_53dd7c9233,판타지 소품,검 06-001,0.336 × 1.737 × 0.080,0.210 × 1.085 × 0.050,0.6245784163475037,,Assets/_Game/Content/ItemCollection/Prefabs/fantasy/fantasy_53dd7c9233.prefab,Assets/ItemSources/Free_Low_Poly_Fantasy_RPG_Weapons/PurePoly/Free Fantasy RPG Weapons/Prefabs/PP_Theme_06_Sword_Two-Handed_001.prefab,Free Low Poly Fantasy RPG Weapons
fantasy_de5cb40aed,판타지 소품,홀 07-001,0.457 × 1.885 × 0.095,0.263 × 1.085 × 0.055,0.57533860206604,,Assets/_Game/Content/ItemCollection/Prefabs/fantasy/fantasy_de5cb40aed.prefab,Assets/ItemSources/Free_Low_Poly_Fantasy_RPG_Weapons/PurePoly/Free Fantasy RPG Weapons/Prefabs/PP_Theme_07_Scepter_001.prefab,Free Low Poly Fantasy RPG Weapons
fantasy_974c86146b,판타지 소품,창 07-002,0.090 × 1.784 × 0.036,0.055 × 1.085 × 0.022,0.6082096695899963,,Assets/_Game/Content/ItemCollection/Prefabs/fantasy/fantasy_974c86146b.prefab,Assets/ItemSources/Free_Low_Poly_Fantasy_RPG_Weapons/PurePoly/Free Fantasy RPG Weapons/Prefabs/PP_Theme_07_Spear_002.prefab,Free Low Poly Fantasy RPG Weapons
fantasy_034d973480,판타지 소품,마법봉 08-001,0.235 × 0.994 × 0.077,0.235 × 0.994 × 0.077,1.0,,Assets/_Game/Content/ItemCollection/Prefabs/fantasy/fantasy_034d973480.prefab,Assets/ItemSources/Free_Low_Poly_Fantasy_RPG_Weapons/PurePoly/Free Fantasy RPG Weapons/Prefabs/PP_Theme_08_Wand_001.prefab,Free Low Poly Fantasy RPG Weapons
fantasy_2ae00896e0,판타지 소품,뿔피리 09-003,0.486 × 0.182 × 0.152,0.427 × 0.160 × 0.134,0.8794126510620117,,Assets/_Game/Content/ItemCollection/Prefabs/fantasy/fantasy_2ae00896e0.prefab,Assets/ItemSources/Free_Low_Poly_Fantasy_RPG_Weapons/PurePoly/Free Fantasy RPG Weapons/Prefabs/PP_Theme_09_Horn_003.prefab,Free Low Poly Fantasy RPG Weapons
fantasy_cd33b0bc36,판타지 소품,열쇠 09-002,0.043 × 0.162 × 0.012,0.043 × 0.162 × 0.012,1.0,,Assets/_Game/Content/ItemCollection/Prefabs/fantasy/fantasy_cd33b0bc36.prefab,Assets/ItemSources/Free_Low_Poly_Fantasy_RPG_Weapons/PurePoly/Free Fantasy RPG Weapons/Prefabs/PP_Theme_09_Key_002.prefab,Free Low Poly Fantasy RPG Weapons
fantasy_3275e41797,판타지 소품,창 09-005,0.325 × 1.967 × 0.101,0.179 × 1.085 × 0.055,0.5515683889389038,,Assets/_Game/Content/ItemCollection/Prefabs/fantasy/fantasy_3275e41797.prefab,Assets/ItemSources/Free_Low_Poly_Fantasy_RPG_Weapons/PurePoly/Free Fantasy RPG Weapons/Prefabs/PP_Theme_09_Spear_005.prefab,Free Low Poly Fantasy RPG Weapons
fantasy_4345b04326,판타지 소품,투척칼 09-003,0.044 × 0.342 × 0.017,0.044 × 0.342 × 0.017,1.0,,Assets/_Game/Content/ItemCollection/Prefabs/fantasy/fantasy_4345b04326.prefab,Assets/ItemSources/Free_Low_Poly_Fantasy_RPG_Weapons/PurePoly/Free Fantasy RPG Weapons/Prefabs/PP_Theme_09_Throwing_Knife_003.prefab,Free Low Poly Fantasy RPG Weapons
fantasy_37d6861cd7,판타지 소품,단검 10-002,0.153 × 0.618 × 0.041,0.153 × 0.618 × 0.041,1.0,,Assets/_Game/Content/ItemCollection/Prefabs/fantasy/fantasy_37d6861cd7.prefab,Assets/ItemSources/Free_Low_Poly_Fantasy_RPG_Weapons/PurePoly/Free Fantasy RPG Weapons/Prefabs/PP_Theme_10_Dagger_002.prefab,Free Low Poly Fantasy RPG Weapons
fantasy_fe920f3a01,판타지 소품,횃불 10-001,0.157 × 0.975 × 0.142,0.157 × 0.975 × 0.142,1.0,,Assets/_Game/Content/ItemCollection/Prefabs/fantasy/fantasy_fe920f3a01.prefab,Assets/ItemSources/Free_Low_Poly_Fantasy_RPG_Weapons/PurePoly/Free Fantasy RPG Weapons/Prefabs/PP_Theme_10_Torch_001.prefab,Free Low Poly Fantasy RPG Weapons
fantasy_c590d4692e,판타지 소품,도끼 11-002,0.384 × 1.200 × 0.080,0.348 × 1.085 × 0.072,0.9042336940765381,,Assets/_Game/Content/ItemCollection/Prefabs/fantasy/fantasy_c590d4692e.prefab,Assets/ItemSources/Free_Low_Poly_Fantasy_RPG_Weapons/PurePoly/Free Fantasy RPG Weapons/Prefabs/PP_Theme_11_Axe_One_Handed_002.prefab,Free Low Poly Fantasy RPG Weapons
fantasy_40d988c484,판타지 소품,검 11-003,0.332 × 1.057 × 0.054,0.332 × 1.057 × 0.054,1.0,,Assets/_Game/Content/ItemCollection/Prefabs/fantasy/fantasy_40d988c484.prefab,Assets/ItemSources/Free_Low_Poly_Fantasy_RPG_Weapons/PurePoly/Free Fantasy RPG Weapons/Prefabs/PP_Theme_11_Sword_One-Handed_003.prefab,Free Low Poly Fantasy RPG Weapons
reserve_652bb3ef19,보류·부품·모형,Frame,2.122 × 0.000 × 1.464,0.427 × 0.000 × 0.295,0.20134179294109344,전시용 프레임,Assets/_Game/Content/ItemCollection/Prefabs/reserve/reserve_652bb3ef19.prefab,Assets/ItemSources/Food_FREE_Low_Poly_3D_Models_Pack/ithappy/Food_Free/Prefabs/Frame.prefab,Food FREE - Low Poly 3D Models Pack
reserve_6befb51510,보류·부품·모형,탄약케이스,0.535 × 0.372 × 0.260,0.427 × 0.297 × 0.208,0.7979594469070435,탄약 보관함: 총기·폭발물에서 제외,Assets/_Game/Content/ItemCollection/Prefabs/reserve/reserve_6befb51510.prefab,Assets/ItemSources/Low_Poly_Basic_Items_Pack_Household_Items/Kabungus/HouseholdItems/Prefabs/AmmoCase.prefab,Low Poly Basic Items Pack - Household Items
reserve_756b263194,보류·부품·모형,탄약상자,1.329 × 0.476 × 0.752,0.427 × 0.153 × 0.242,0.3214057981967926,탄약 보관함: 총기·폭발물에서 제외,Assets/_Game/Content/ItemCollection/Prefabs/reserve/reserve_756b263194.prefab,Assets/ItemSources/Low_Poly_Basic_Items_Pack_Household_Items/Kabungus/HouseholdItems/Prefabs/AmmoCrate.prefab,Low Poly Basic Items Pack - Household Items
reserve_274c3559a8,보류·부품·모형,mesh_Ambulance_01,2.125 × 1.997 × 4.225,0.198 × 0.186 × 0.393,0.09301327168941498,"차량 10종: 모형 후보, 최소 20개 미달",Assets/_Game/Content/ItemCollection/Prefabs/reserve/reserve_274c3559a8.prefab,Assets/ItemSources/Low_Poly_Road_Vehicles_Free_Package/YelScryptFireStudio/LowPolyRoadVehiclesFreePackage/Vehicles/Ambulance_01/mesh_Ambulance_01.fbx,Low Poly Road Vehicles Free Package
reserve_ced4e06e6c,보류·부품·모형,mesh_Bus_01,1.853 × 2.085 × 6.343,0.115 × 0.129 × 0.393,0.06195797771215439,"차량 10종: 모형 후보, 최소 20개 미달",Assets/_Game/Content/ItemCollection/Prefabs/reserve/reserve_ced4e06e6c.prefab,Assets/ItemSources/Low_Poly_Road_Vehicles_Free_Package/YelScryptFireStudio/LowPolyRoadVehiclesFreePackage/Vehicles/Bus_01/mesh_Bus_01.fbx,Low Poly Road Vehicles Free Package
reserve_713e2cd7e4,보류·부품·모형,mesh_Bus_02,1.836 × 2.206 × 6.333,0.114 × 0.137 × 0.393,0.06205953657627106,"차량 10종: 모형 후보, 최소 20개 미달",Assets/_Game/Content/ItemCollection/Prefabs/reserve/reserve_713e2cd7e4.prefab,Assets/ItemSources/Low_Poly_Road_Vehicles_Free_Package/YelScryptFireStudio/LowPolyRoadVehiclesFreePackage/Vehicles/Bus_02/mesh_Bus_02.fbx,Low Poly Road Vehicles Free Package
reserve_126f812ffa,보류·부품·모형,mesh_Pickup_01,2.137 × 1.754 × 4.949,0.170 × 0.139 × 0.393,0.07941574603319168,"차량 10종: 모형 후보, 최소 20개 미달",Assets/_Game/Content/ItemCollection/Prefabs/reserve/reserve_126f812ffa.prefab,Assets/ItemSources/Low_Poly_Road_Vehicles_Free_Package/YelScryptFireStudio/LowPolyRoadVehiclesFreePackage/Vehicles/Pickup_01/mesh_Pickup_01.fbx,Low Poly Road Vehicles Free Package
reserve_84b1c486c9,보류·부품·모형,mesh_Sedan_01,1.954 × 1.248 × 3.882,0.198 × 0.126 × 0.393,0.1012495756149292,"차량 10종: 모형 후보, 최소 20개 미달",Assets/_Game/Content/ItemCollection/Prefabs/reserve/reserve_84b1c486c9.prefab,Assets/ItemSources/Low_Poly_Road_Vehicles_Free_Package/YelScryptFireStudio/LowPolyRoadVehiclesFreePackage/Vehicles/Sedan_01/mesh_Sedan_01.fbx,Low Poly Road Vehicles Free Package
reserve_e0a9d8a2be,보류·부품·모형,mesh_SportCar_01,2.044 × 1.314 × 3.976,0.202 × 0.130 × 0.393,0.09885994344949722,"차량 10종: 모형 후보, 최소 20개 미달",Assets/_Game/Content/ItemCollection/Prefabs/reserve/reserve_e0a9d8a2be.prefab,Assets/ItemSources/Low_Poly_Road_Vehicles_Free_Package/YelScryptFireStudio/LowPolyRoadVehiclesFreePackage/Vehicles/SportCar_01/mesh_SportCar_01.fbx,Low Poly Road Vehicles Free Package
reserve_c0f79ac910,보류·부품·모형,mesh_Truck_01,2.253 × 2.712 × 4.540,0.195 × 0.235 × 0.393,0.08656159043312073,"차량 10종: 모형 후보, 최소 20개 미달",Assets/_Game/Content/ItemCollection/Prefabs/reserve/reserve_c0f79ac910.prefab,Assets/ItemSources/Low_Poly_Road_Vehicles_Free_Package/YelScryptFireStudio/LowPolyRoadVehiclesFreePackage/Vehicles/Truck_01/mesh_Truck_01.fbx,Low Poly Road Vehicles Free Package
reserve_b645cb2f43,보류·부품·모형,mesh_Truck_02,2.215 × 2.245 × 3.371,0.258 × 0.262 × 0.393,0.11658720672130585,"차량 10종: 모형 후보, 최소 20개 미달",Assets/_Game/Content/ItemCollection/Prefabs/reserve/reserve_b645cb2f43.prefab,Assets/ItemSources/Low_Poly_Road_Vehicles_Free_Package/YelScryptFireStudio/LowPolyRoadVehiclesFreePackage/Vehicles/Truck_02/mesh_Truck_02.fbx,Low Poly Road Vehicles Free Package
reserve_219e3eafff,보류·부품·모형,mesh_TruckContainer_01,1.989 × 2.470 × 6.370,0.123 × 0.152 × 0.393,0.061695169657468796,"차량 10종: 모형 후보, 최소 20개 미달",Assets/_Game/Content/ItemCollection/Prefabs/reserve/reserve_219e3eafff.prefab,Assets/ItemSources/Low_Poly_Road_Vehicles_Free_Package/YelScryptFireStudio/LowPolyRoadVehiclesFreePackage/Vehicles/TruckContainer_01/mesh_TruckContainer_01.fbx,Low Poly Road Vehicles Free Package
reserve_4ba9daec07,보류·부품·모형,mesh_Van_01,2.251 × 1.515 × 3.684,0.240 × 0.162 × 0.393,0.10669536888599396,"차량 10종: 모형 후보, 최소 20개 미달",Assets/_Game/Content/ItemCollection/Prefabs/reserve/reserve_4ba9daec07.prefab,Assets/ItemSources/Low_Poly_Road_Vehicles_Free_Package/YelScryptFireStudio/LowPolyRoadVehiclesFreePackage/Vehicles/Van_01/mesh_Van_01.fbx,Low Poly Road Vehicles Free Package
reserve_f1c3736732,보류·부품·모형,레이저표적지시기,0.053 × 0.028 × 0.102,0.053 × 0.028 × 0.102,1.0,무기 부속품: 총기 개수에서 제외; 원본 팩의 메시·텍스처 참조를 제공된 FBX·팔레트로 복구,Assets/_Game/Content/ItemCollection/Prefabs/reserve/reserve_f1c3736732.prefab,Assets/ItemSources/Low_Poly_Weapons_VOL1/Low Poly Weapons VOL.1/Prefabs/ANPEQ15.prefab,Low Poly Weapons VOL1
reserve_86caf0d382,보류·부품·모형,조준경,0.054 × 0.081 × 0.163,0.054 × 0.081 × 0.163,1.0,무기 부속품: 총기 개수에서 제외; 원본 팩의 메시·텍스처 참조를 제공된 FBX·팔레트로 복구,Assets/_Game/Content/ItemCollection/Prefabs/reserve/reserve_86caf0d382.prefab,Assets/ItemSources/Low_Poly_Weapons_VOL1/Low Poly Weapons VOL.1/Prefabs/ELCAN.prefab,Low Poly Weapons VOL1
reserve_fb2a06ccb2,보류·부품·모형,조준경,0.057 × 0.103 × 0.159,0.057 × 0.103 × 0.159,1.0,무기 부속품: 총기 개수에서 제외; 원본 팩의 메시·텍스처 참조를 제공된 FBX·팔레트로 복구,Assets/_Game/Content/ItemCollection/Prefabs/reserve/reserve_fb2a06ccb2.prefab,Assets/ItemSources/Low_Poly_Weapons_VOL1/Low Poly Weapons VOL.1/Prefabs/SR_Scope_00.prefab,Low Poly Weapons VOL1
reserve_a9b09ad28b,보류·부품·모형,장거리조준경,0.047 × 0.058 × 0.292,0.047 × 0.058 × 0.292,1.0,무기 부속품: 총기 개수에서 제외; 원본 팩의 메시·텍스처 참조를 제공된 FBX·팔레트로 복구,Assets/_Game/Content/ItemCollection/Prefabs/reserve/reserve_a9b09ad28b.prefab,Assets/ItemSources/Low_Poly_Weapons_VOL1/Low Poly Weapons VOL.1/Prefabs/TAN_LR_Scope_01.prefab,Low Poly Weapons VOL1
reserve_a8541acb3f,보류·부품·모형,TraderTable,0.794 × 0.841 × 1.193,0.262 × 0.277 × 0.393,0.3294706344604492,환경 구조물/내용물이 담긴 세트,Assets/_Game/Content/ItemCollection/Prefabs/reserve/reserve_a8541acb3f.prefab,Assets/ItemSources/RPG_Food_Props_DEMO/RPG FOOD PROPS/UNIVERSAL RENDER PIPELINE/Prefabs/TraderTable.prefab,RPG Food Props DEMO
reserve_d569f3607a,보류·부품·모형,TraderTent,1.914 × 2.779 × 2.697,0.279 × 0.405 × 0.393,0.14570441842079163,환경 구조물/내용물이 담긴 세트,Assets/_Game/Content/ItemCollection/Prefabs/reserve/reserve_d569f3607a.prefab,Assets/ItemSources/RPG_Food_Props_DEMO/RPG FOOD PROPS/UNIVERSAL RENDER PIPELINE/Prefabs/TraderTent.prefab,RPG Food Props DEMO
reserve_15b09faa79,보류·부품·모형,WoodenBox1 Apple,0.640 × 0.266 × 0.439,0.427 × 0.178 × 0.293,0.6678259372711182,환경 구조물/내용물이 담긴 세트,Assets/_Game/Content/ItemCollection/Prefabs/reserve/reserve_15b09faa79.prefab,Assets/ItemSources/RPG_Food_Props_DEMO/RPG FOOD PROPS/UNIVERSAL RENDER PIPELINE/Prefabs/WoodenBox1 Apple.prefab,RPG Food Props DEMO
reserve_34e6cefb14,보류·부품·모형,WoodenBox1 Bottle1,0.640 × 0.330 × 0.439,0.427 × 0.220 × 0.293,0.6678259372711182,환경 구조물/내용물이 담긴 세트,Assets/_Game/Content/ItemCollection/Prefabs/reserve/reserve_34e6cefb14.prefab,Assets/ItemSources/RPG_Food_Props_DEMO/RPG FOOD PROPS/UNIVERSAL RENDER PIPELINE/Prefabs/WoodenBox1 Bottle1.prefab,RPG Food Props DEMO
reserve_cffe90111b,보류·부품·모형,WoodenBox1 Bottle2,0.640 × 0.319 × 0.439,0.427 × 0.213 × 0.293,0.6678259372711182,환경 구조물/내용물이 담긴 세트,Assets/_Game/Content/ItemCollection/Prefabs/reserve/reserve_cffe90111b.prefab,Assets/ItemSources/RPG_Food_Props_DEMO/RPG FOOD PROPS/UNIVERSAL RENDER PIPELINE/Prefabs/WoodenBox1 Bottle2.prefab,RPG Food Props DEMO
reserve_da466bb88e,보류·부품·모형,WoodenBox1 Cheese,0.640 × 0.265 × 0.439,0.427 × 0.177 × 0.293,0.6678259372711182,환경 구조물/내용물이 담긴 세트,Assets/_Game/Content/ItemCollection/Prefabs/reserve/reserve_da466bb88e.prefab,Assets/ItemSources/RPG_Food_Props_DEMO/RPG FOOD PROPS/UNIVERSAL RENDER PIPELINE/Prefabs/WoodenBox1 Cheese.prefab,RPG Food Props DEMO
reserve_ca0798d214,보류·부품·모형,WoodenBox1 Orange,0.640 × 0.251 × 0.439,0.427 × 0.168 × 0.293,0.6678259372711182,환경 구조물/내용물이 담긴 세트,Assets/_Game/Content/ItemCollection/Prefabs/reserve/reserve_ca0798d214.prefab,Assets/ItemSources/RPG_Food_Props_DEMO/RPG FOOD PROPS/UNIVERSAL RENDER PIPELINE/Prefabs/WoodenBox1 Orange.prefab,RPG Food Props DEMO
reserve_bfe5f0b58d,보류·부품·모형,WoodenBox1 Tomato,0.640 × 0.273 × 0.439,0.427 × 0.182 × 0.293,0.6678259372711182,환경 구조물/내용물이 담긴 세트,Assets/_Game/Content/ItemCollection/Prefabs/reserve/reserve_bfe5f0b58d.prefab,Assets/ItemSources/RPG_Food_Props_DEMO/RPG FOOD PROPS/UNIVERSAL RENDER PIPELINE/Prefabs/WoodenBox1 Tomato.prefab,RPG Food Props DEMO
reserve_bd236129af,보류·부품·모형,WoodenBox1,0.640 × 0.217 × 0.439,0.427 × 0.145 × 0.293,0.6678259372711182,환경 구조물/내용물이 담긴 세트,Assets/_Game/Content/ItemCollection/Prefabs/reserve/reserve_bd236129af.prefab,Assets/ItemSources/RPG_Food_Props_DEMO/RPG FOOD PROPS/UNIVERSAL RENDER PIPELINE/Prefabs/WoodenBox1.prefab,RPG Food Props DEMO
reserve_e87733c56c,보류·부품·모형,WoodenBox2 Pumpkin,0.691 × 0.400 × 0.639,0.425 × 0.246 × 0.393,0.6146965622901917,환경 구조물/내용물이 담긴 세트,Assets/_Game/Content/ItemCollection/Prefabs/reserve/reserve_e87733c56c.prefab,Assets/ItemSources/RPG_Food_Props_DEMO/RPG FOOD PROPS/UNIVERSAL RENDER PIPELINE/Prefabs/WoodenBox2 Pumpkin.prefab,RPG Food Props DEMO
reserve_cf29175da1,보류·부품·모형,WoodenBox2 Watermelon,0.640 × 0.261 × 0.639,0.393 × 0.161 × 0.393,0.6146965622901917,환경 구조물/내용물이 담긴 세트,Assets/_Game/Content/ItemCollection/Prefabs/reserve/reserve_cf29175da1.prefab,Assets/ItemSources/RPG_Food_Props_DEMO/RPG FOOD PROPS/UNIVERSAL RENDER PIPELINE/Prefabs/WoodenBox2 Watermelon.prefab,RPG Food Props DEMO
reserve_42ef832a53,보류·부품·모형,WoodenBox2,0.640 × 0.217 × 0.639,0.393 × 0.133 × 0.393,0.6146965622901917,환경 구조물/내용물이 담긴 세트,Assets/_Game/Content/ItemCollection/Prefabs/reserve/reserve_42ef832a53.prefab,Assets/ItemSources/RPG_Food_Props_DEMO/RPG FOOD PROPS/UNIVERSAL RENDER PIPELINE/Prefabs/WoodenBox2.prefab,RPG Food Props DEMO
reserve_6615101f8f,보류·부품·모형,칼 001,0.067 × 0.553 × 0.152,0.067 × 0.553 × 0.152,1.0,근접무기 또는 무기 부속품: 총기·폭발물에서 제외,Assets/_Game/Content/ItemCollection/Prefabs/reserve/reserve_6615101f8f.prefab,Assets/ItemSources/Weapons_FREE_Low_Poly_3D_Models_Pack/ithappy/Weapons_FREE/Prefabs/knife_001.prefab,Weapons FREE - Low Poly 3D Models Pack
reserve_8793e53949,보류·부품·모형,드럼탄창 001,0.090 × 0.092 × 0.076,0.090 × 0.092 × 0.076,1.0,근접무기 또는 무기 부속품: 총기·폭발물에서 제외,Assets/_Game/Content/ItemCollection/Prefabs/reserve/reserve_8793e53949.prefab,Assets/ItemSources/Weapons_FREE_Low_Poly_3D_Models_Pack/ithappy/Weapons_FREE/Prefabs/pistol_drum_001.prefab,Weapons FREE - Low Poly 3D Models Pack
reserve_aeee61587f,보류·부품·모형,소총탄창 001,0.049 × 0.322 × 0.250,0.049 × 0.322 × 0.250,1.0,근접무기 또는 무기 부속품: 총기·폭발물에서 제외,Assets/_Game/Content/ItemCollection/Prefabs/reserve/reserve_aeee61587f.prefab,Assets/ItemSources/Weapons_FREE_Low_Poly_3D_Models_Pack/ithappy/Weapons_FREE/Prefabs/rifle_magazine_001.prefab,Weapons FREE - Low Poly 3D Models Pack
reserve_6530183c41,보류·부품·모형,산탄총손잡이 001,0.083 × 0.104 × 0.292,0.083 × 0.104 × 0.292,1.0,근접무기 또는 무기 부속품: 총기·폭발물에서 제외,Assets/_Game/Content/ItemCollection/Prefabs/reserve/reserve_6530183c41.prefab,Assets/ItemSources/Weapons_FREE_Low_Poly_3D_Models_Pack/ithappy/Weapons_FREE/Prefabs/shotgun_handguard_001.prefab,Weapons FREE - Low Poly 3D Models Pack
reserve_1a47a3298b,보류·부품·모형,조준경 001,0.160 × 0.174 × 0.681,0.092 × 0.101 × 0.393,0.5772666931152344,근접무기 또는 무기 부속품: 총기·폭발물에서 제외,Assets/_Game/Content/ItemCollection/Prefabs/reserve/reserve_1a47a3298b.prefab,Assets/ItemSources/Weapons_FREE_Low_Poly_3D_Models_Pack/ithappy/Weapons_FREE/Prefabs/sight_001.prefab,Weapons FREE - Low Poly 3D Models Pack
